linkId;population;weight
-279754756;34;8.008479566599929E-4
-34717986;19;4.4753268166293725E-4
-112191692#1;258;0.006077022729949358
-77518487;9;2.119891649982334E-4
-126187279;3;7.066305499941114E-5
-35993519#0;37;8.715110116594041E-4
-27091042#3;96;0.0022612177599811564
-35049451;45;0.001059945824991167
-141762866;56;0.0013190436933223414
-141762873#3;26;6.124131433282298E-4
-294937227#0;0;0.0
-295989069#1;1;2.355435166647038E-5
-73884407;66;0.0015545872099870452
-38962098#1;0;0.0
-40868384#3;15;3.533152749970557E-4
-40868349#2;18;4.239783299964668E-4
-821865996;4;9.421740666588152E-5
-38961889#1;4;9.421740666588152E-5
-27092174#0;23;5.417500883288188E-4
-28923122#0;43;0.0010128371216582264
-28923131#3;194;0.004569544223295254
-28333782#2;129;0.003038511364974679
-262387803#0;7;1.6488046166529267E-4
-77052806#1;14;3.2976092333058534E-4
-33779606#4;163;0.003839359321634672
-141764405;187;0.004404663761629961
-27226158#0;247;0.005817924861618184
-27253735#0;298;0.007019196796608174
-974548443;517;0.012177599811565187
-126097591;551;0.01297844776822518
-125690144;319;0.007513838181604051
-127184740#0;188;0.0044282181132964315
-335890968#1;141;0.0033211635849723234
-27215278#1;1385;0.03262277705806148
-77049042;85;0.0020021198916499823
-484393119#0;666;0.015687198209869274
-52877097#0;557;0.013119773878224002
-430304266;854;0.020115416323165707
-297723383;16;3.768696266635261E-4
-435984987;75;0.0017665763749852785
-219405118;39;9.186197149923448E-4
-490661931;35;8.244023083264633E-4
-27291462#1;38;8.950653633258745E-4
-26735765#1;0;0.0
-490681708;31;7.301849016605817E-4
-271100635#2;56;0.0013190436933223414
-29467269#1;120;0.0028265221999764457
-77503003#0;91;0.0021434460016488046
-29467776;69;0.0016252502649864563
-266098846;69;0.0016252502649864563
-27181819#1;9;2.119891649982334E-4
-315471075#0;46;0.0010835001766576376
-36919397#0;5;1.177717583323519E-4
-485575722;15;3.533152749970557E-4
-15888630;6;1.4132610999882227E-4
-33962072#0;70;0.0016488046166529267
-271100646;4;9.421740666588152E-5
-36147025#8;35;8.244023083264633E-4
-36919383;1;2.355435166647038E-5
-36919378#1;12;2.8265221999764455E-4
-27182544#0;21;4.94641384995878E-4
-36147018#1;39;9.186197149923448E-4
-36006771;45;0.001059945824991167
-978932086;27;6.359674949947003E-4
-36919954;9;2.119891649982334E-4
-36919953#1;25;5.888587916617595E-4
-34871665#0;6;1.4132610999882227E-4
-270562586;19;4.4753268166293725E-4
-36919696#0;16;3.768696266635261E-4
-27150091#4;4;9.421740666588152E-5
-27018550#2;35;8.244023083264633E-4
-27004802#2;18;4.239783299964668E-4
-422953029;18;4.239783299964668E-4
-200349358#2;2;4.710870333294076E-5
-27023250#1;2;4.710870333294076E-5
-37614935#0;13;3.062065716641149E-4
-37613387#1;108;0.002543869979978801
-27150088#2;51;0.0012012719349899894
-33705844#2;96;0.0022612177599811564
-27214368#2;54;0.0012719349899894005
-37614666#2;32;7.537392533270522E-4
-27214313#2;52;0.0012248262866564597
-37613338;477;0.011235425744906371
-277344628#0;12;2.8265221999764455E-4
-41572341#1;141;0.0033211635849723234
-55997400#3;81;0.0019079024849841008
-55997374#5;106;0.0024967612766458604
-229451124;20;4.710870333294076E-4
-28182683#0;33;7.772936049935226E-4
-27227523#1;126;0.002967848309975268
-548689753;87;0.002049228594982923
-367421977#0;118;0.002779413496643505
-44648471#7;111;0.002614533034978212
-55997400#9;143;0.0033682722883052645
-27272027#0;37;8.715110116594041E-4
-294359762;0;0.0
-367421978#4;36;8.479566599929336E-4
-486762656;27;6.359674949947003E-4
-172452927;4;9.421740666588152E-5
-150142368;1;2.355435166647038E-5
-217485258;1;2.355435166647038E-5
-509338815;9;2.119891649982334E-4
-89355308;11;2.590978683311742E-4
-367421959#0;100;0.002355435166647038
-271242383;8;1.8843481333176304E-4
-89355303;7;1.6488046166529267E-4
-271242335#1;41;9.657284183252856E-4
-39701815#1;83;0.0019550111883170416
-26198874#0;2;4.710870333294076E-5
-89355289#0;75;0.0017665763749852785
-33705872#0;11;2.590978683311742E-4
-263489831;16;3.768696266635261E-4
-497747427#0;59;0.0013897067483217525
-497251023#0;18;4.239783299964668E-4
-490362155#2;7;1.6488046166529267E-4
-89495781;3;7.066305499941114E-5
-552874669;424;0.009987045106583442
-26198873#0;6;1.4132610999882227E-4
-491886960#2;2;4.710870333294076E-5
-29020933;82;0.001931456836650571
-34027705;49;0.0011541632316570487
-430849855;12;2.8265221999764455E-4
-497747431;112;0.0026380873866446827
-497486409;118;0.002779413496643505
-48782600#1;327;0.007702272994935815
-27227551;52;0.0012248262866564597
-27213474#3;0;0.0
-88908001;0;0.0
-27227347;0;0.0
-33705887;40;9.421740666588152E-4
-490376591#3;12;2.8265221999764455E-4
-367421943;22;5.181957366623484E-4
-367421944;371;0.00873866446826051
322183374;2;4.710870333294076E-5
-126901011;1;2.355435166647038E-5
-60412480;23;5.417500883288188E-4
-490376590;13;3.062065716641149E-4
-491889185;27;6.359674949947003E-4
-60412451;1;2.355435166647038E-5
322183363;9;2.119891649982334E-4
-33705817;86;0.002025674243316453
-36905408#0;24;5.653044399952891E-4
-490377437#0;80;0.0018843481333176305
-88922407;0;0.0
-36905626#4;53;0.0012483806383229302
-27214564#0;77;0.0018136850783182193
-88922424#0;1;2.355435166647038E-5
-55991324#1;2;4.710870333294076E-5
-88922391;2;4.710870333294076E-5
-64032196#1;2;4.710870333294076E-5
-27213432#3;80;0.0018843481333176305
-286465491;53;0.0012483806383229302
-330196953#5;35;8.244023083264633E-4
-59593669;0;0.0
-170885034#2;50;0.001177717583323519
-170871431#1;92;0.002167000353315275
-60412748#1;0;0.0
-60412748#0;4;9.421740666588152E-5
-191799653;1;2.355435166647038E-5
-497751092;11;2.590978683311742E-4
-28182655#4;173;0.004074902838299376
-522209372;38;8.950653633258745E-4
-24509693#3;60;0.0014132610999882229
-24509700#2;30;7.066305499941114E-4
-74531033#2;91;0.0021434460016488046
-373181456;149;0.003509598398304087
-440328189#1;1;2.355435166647038E-5
-33794726#0;34;8.008479566599929E-4
-25403458#0;7;1.6488046166529267E-4
-256417610#1;174;0.004098457189965846
-81512531;7;1.6488046166529267E-4
-25403437#0;60;0.0014132610999882229
-787515007#2;81;0.0019079024849841008
-24907912;5;1.177717583323519E-4
-24907909#1;1;2.355435166647038E-5
-24907868#0;13;3.062065716641149E-4
-24907871;21;4.94641384995878E-4
-640060931#1;2;4.710870333294076E-5
-324982041;1;2.355435166647038E-5
-33794714;1;2.355435166647038E-5
-81512523#2;32;7.537392533270522E-4
-30976501#0;0;0.0
-427556585;16;3.768696266635261E-4
-172450793#2;26;6.124131433282298E-4
-89749401;1;2.355435166647038E-5
-172450814#1;5;1.177717583323519E-4
-89749390;3;7.066305499941114E-5
-62310751#1;24;5.653044399952891E-4
-987183629;73;0.0017194676716523378
-81512526;3;7.066305499941114E-5
-367424571#2;59;0.0013897067483217525
-26994530#2;70;0.0016488046166529267
-89469727#1;65;0.0015310328583205747
-172450858;0;0.0
-190134941#0;2;4.710870333294076E-5
-89469719;0;0.0
-172450813;1;2.355435166647038E-5
-494493319;16;3.768696266635261E-4
-490316434;2;4.710870333294076E-5
-367421962;4;9.421740666588152E-5
-37845875;18;4.239783299964668E-4
-271242339;5;1.177717583323519E-4
-40316224;40;9.421740666588152E-4
-40346421#1;3;7.066305499941114E-5
-367421963#0;29;6.83076198327641E-4
-51925975#1;8;1.8843481333176304E-4
-214284461#1;26;6.124131433282298E-4
-172436231;3;7.066305499941114E-5
-486791765#1;4;9.421740666588152E-5
-25335430#2;15;3.533152749970557E-4
-172450818;8;1.8843481333176304E-4
-132132631;7;1.6488046166529267E-4
-30645565#0;3;7.066305499941114E-5
-88507457;231;0.0054410552349546575
-25335430#1;48;0.0011306088799905782
-28292472#0;2;4.710870333294076E-5
-172436253;3;7.066305499941114E-5
-172436247#1;1;2.355435166647038E-5
-25403873#4;5;1.177717583323519E-4
-24907895#1;1;2.355435166647038E-5
-25335601#0;77;0.0018136850783182193
-490368902;85;0.0020021198916499823
-270566846;13;3.062065716641149E-4
-367427366;198;0.004663761629961135
-89650896;413;0.009727947238252268
-98945553#0;127;0.002991402661641738
-377797402#4;205;0.004828642091626428
-37804080#0;97;0.002284772111647627
-38282347;34;8.008479566599929E-4
-495020457#0;0;0.0
-101084855;1;2.355435166647038E-5
-95249491;17;4.0042397832999645E-4
-48766051#4;27;6.359674949947003E-4
-54466248#4;43;0.0010128371216582264
-34091182#0;3;7.066305499941114E-5
-488654970;26;6.124131433282298E-4
-56042690;16;3.768696266635261E-4
-488667444#4;88;0.0020727829466493934
-488667444#1;54;0.0012719349899894005
-484337483;46;0.0010835001766576376
-29921787;35;8.244023083264633E-4
-78352183#0;17;4.0042397832999645E-4
-96885067;120;0.0028265221999764457
-98772323#2;3;7.066305499941114E-5
-98772323#0;15;3.533152749970557E-4
-98772343;1;2.355435166647038E-5
-96647643;3;7.066305499941114E-5
-72497268#0;2;4.710870333294076E-5
-95279719;22;5.181957366623484E-4
-89650897#2;275;0.006477446708279355
-492791930#0;159;0.0037451419149687904
-28990861#0;1;2.355435166647038E-5
-34997595#0;201;0.004734424684960547
-99790459;91;0.0021434460016488046
-50865808#0;24;5.653044399952891E-4
-24785848;7;1.6488046166529267E-4
-37111806#0;1;2.355435166647038E-5
-34997755;15;3.533152749970557E-4
-25403854#2;62;0.0014603698033211635
-551123157;76;0.001790130726651749
-25403873#2;19;4.4753268166293725E-4
-29012786#0;74;0.0017430220233188081
-77516650#3;9;2.119891649982334E-4
-34997909#2;26;6.124131433282298E-4
-34998016#3;2;4.710870333294076E-5
-889377937#1;4;9.421740666588152E-5
-34997904;2;4.710870333294076E-5
-484337491#0;21;4.94641384995878E-4
-90066146#1;0;0.0
-484337494;12;2.8265221999764455E-4
37211237#3;23;5.417500883288188E-4
-35378917;122;0.0028736309033093863
-90066146#2;2;4.710870333294076E-5
-495052438;10;2.355435166647038E-4
-279207536#0;1;2.355435166647038E-5
-37719526#2;8;1.8843481333176304E-4
-27256834;0;0.0
-88728582;0;0.0
-791389607#0;1;2.355435166647038E-5
-35564835;1;2.355435166647038E-5
-28997388;36;8.479566599929336E-4
-36906751#1;37;8.715110116594041E-4
-367451607;22;5.181957366623484E-4
-367451608;87;0.002049228594982923
-48652227#0;13;3.062065716641149E-4
-27021139;548;0.012907784713225769
322188134;3;7.066305499941114E-5
-27142867;3;7.066305499941114E-5
322186090;0;0.0
-137409763;1;2.355435166647038E-5
-36906750;1;2.355435166647038E-5
-137520678;2;4.710870333294076E-5
-174686807#0;1;2.355435166647038E-5
-88710312;55;0.0012954893416558708
-8663937#9;11;2.590978683311742E-4
-299679029;2;4.710870333294076E-5
-485834406#0;2;4.710870333294076E-5
-25928418#4;3;7.066305499941114E-5
-126116433#1;23;5.417500883288188E-4
-190250988;29;6.83076198327641E-4
-180211473#0;7;1.6488046166529267E-4
-25928424;11;2.590978683311742E-4
-974896245;1015;0.023907666941467436
-174845120#0;27;6.359674949947003E-4
-88728595#1;14;3.2976092333058534E-4
-174845124#1;8;1.8843481333176304E-4
-88728602#2;12;2.8265221999764455E-4
-88728584#1;15;3.533152749970557E-4
-194805774;8;1.8843481333176304E-4
-37916478;25;5.888587916617595E-4
-27214507#1;23;5.417500883288188E-4
-115843066#4;16;3.768696266635261E-4
-277344621#1;24;5.653044399952891E-4
-174845122#0;12;2.8265221999764455E-4
-26207894#0;23;5.417500883288188E-4
-26207890#5;23;5.417500883288188E-4
-26207890#2;20;4.710870333294076E-4
-29024895#5;26;6.124131433282298E-4
-29024895#1;19;4.4753268166293725E-4
-25928920#1;14;3.2976092333058534E-4
-186284462;380;0.008950653633258745
-26207572#2;9;2.119891649982334E-4
-26207571;10;2.355435166647038E-4
-26207570;20;4.710870333294076E-4
-88714990#1;6;1.4132610999882227E-4
-35564834#7;18;4.239783299964668E-4
-35564834#5;35;8.244023083264633E-4
-47689910#0;5;1.177717583323519E-4
-651006623#3;10;2.355435166647038E-4
-47689907#1;13;3.062065716641149E-4
-830822808#2;13;3.062065716641149E-4
-59151671#2;12;2.8265221999764455E-4
-35447333#3;12;2.8265221999764455E-4
-29083490#1;21;4.94641384995878E-4
-35447334#3;25;5.888587916617595E-4
-35447330#0;23;5.417500883288188E-4
-35447333#0;10;2.355435166647038E-4
-35447332#1;9;2.119891649982334E-4
-29083497#2;26;6.124131433282298E-4
-36904577;19;4.4753268166293725E-4
-29083502;16;3.768696266635261E-4
-137409746;42;9.89282769991756E-4
-399076026;3;7.066305499941114E-5
-36904571#2;25;5.888587916617595E-4
-41574862#4;3;7.066305499941114E-5
-25928519;4;9.421740666588152E-5
-25928428#0;9;2.119891649982334E-4
-26208126;21;4.94641384995878E-4
-26208125#1;16;3.768696266635261E-4
-659993995;5;1.177717583323519E-4
-25928910#0;17;4.0042397832999645E-4
-279274892;4;9.421740666588152E-5
-968914713;0;0.0
-25928914#1;20;4.710870333294076E-4
-25928910#2;17;4.0042397832999645E-4
-25928926;15;3.533152749970557E-4
25928924;17;4.0042397832999645E-4
-115843065#1;16;3.768696266635261E-4
-25928921#0;19;4.4753268166293725E-4
-25916828#0;25;5.888587916617595E-4
-25928427#1;0;0.0
-25916826#1;26;6.124131433282298E-4
-25916583#1;19;4.4753268166293725E-4
-118322670#0;16;3.768696266635261E-4
-25916591#0;8;1.8843481333176304E-4
-25916831#0;14;3.2976092333058534E-4
-275989284#0;12;2.8265221999764455E-4
-25917623#0;6;1.4132610999882227E-4
-25928909#3;14;3.2976092333058534E-4
-179549134;1;2.355435166647038E-5
-59151686;0;0.0
-27335703;18;4.239783299964668E-4
-220736387;29;6.83076198327641E-4
-52378821#2;48;0.0011306088799905782
-118330361#5;60;0.0014132610999882229
-291450111;20;4.710870333294076E-4
-52378821#6;32;7.537392533270522E-4
27335695;54;0.0012719349899894005
-5079911;11;2.590978683311742E-4
-59151680#2;23;5.417500883288188E-4
-29086030#0;31;7.301849016605817E-4
-37619177#2;160;0.003768696266635261
-29086029#1;22;5.181957366623484E-4
-222061768#5;34;8.008479566599929E-4
-299070415#3;121;0.0028500765516429162
-59872773#1;14;3.2976092333058534E-4
-36791701;42;9.89282769991756E-4
-35447325;9;2.119891649982334E-4
-974889680;62;0.0014603698033211635
-460240531#3;27;6.359674949947003E-4
-36885980#2;9;2.119891649982334E-4
-36885977#1;10;2.355435166647038E-4
-84547890#3;25;5.888587916617595E-4
-991566128;175;0.004122011541632316
-84547896#0;29;6.83076198327641E-4
-261539669;9;2.119891649982334E-4
-251203936;7;1.6488046166529267E-4
-270577802;56;0.0013190436933223414
-29083508#1;31;7.301849016605817E-4
-35419924#3;24;5.653044399952891E-4
-137387674#0;26;6.124131433282298E-4
-35564828#1;28;6.595218466611707E-4
-35564827#0;45;0.001059945824991167
-355270871;22;5.181957366623484E-4
-41392196;35;8.244023083264633E-4
-41037014#1;15;3.533152749970557E-4
-29083508#0;36;8.479566599929336E-4
-59872011;29;6.83076198327641E-4
-35419924#2;22;5.181957366623484E-4
-24625266#2;74;0.0017430220233188081
-51226915#0;42;9.89282769991756E-4
-974889671;19;4.4753268166293725E-4
-27363508#0;34;8.008479566599929E-4
-297516973#1;85;0.0020021198916499823
-50931130#0;41;9.657284183252856E-4
-27363276;23;5.417500883288188E-4
-36885969#9;51;0.0012012719349899894
-29084525#0;115;0.002708750441644094
-36885969#2;69;0.0016252502649864563
-36885969#0;32;7.537392533270522E-4
-29084521#0;30;7.066305499941114E-4
-36885968#3;53;0.0012483806383229302
-189043954;33;7.772936049935226E-4
-35447327;34;8.008479566599929E-4
-509498379;120;0.0028265221999764457
-35447328;10;2.355435166647038E-4
164833512#1;813;0.01914968790484042
-290220638;57;0.0013425980449888117
-76095533;39;9.186197149923448E-4
-29084242;15;3.533152749970557E-4
-29084239#2;20;4.710870333294076E-4
-5019558;22;5.181957366623484E-4
-974889677#1;101;0.0023789895183135086
-250817031;42;9.89282769991756E-4
-115843067#0;96;0.0022612177599811564
-498029090;1020;0.024025438699799787
27989845;22;5.181957366623484E-4
-35177317;50;0.001177717583323519
-487402694#0;12;2.8265221999764455E-4
-29084234#0;95;0.0022376634083146863
-29565805;16;3.768696266635261E-4
-24218807;19;4.4753268166293725E-4
-159426251;75;0.0017665763749852785
-28215238#0;18;4.239783299964668E-4
-30954565;11;2.590978683311742E-4
-482530156;483;0.011376751854905194
-90113872#2;140;0.0032976092333058533
-27255297#2;1;2.355435166647038E-5
-181275129#0;11;2.590978683311742E-4
-181275129#3;21;4.94641384995878E-4
-181275133#3;13;3.062065716641149E-4
-27255185;0;0.0
-181275133#0;14;3.2976092333058534E-4
-491914404#2;26;6.124131433282298E-4
-144080364#2;43;0.0010128371216582264
-25859623;93;0.0021905547049817452
-77412309;2;4.710870333294076E-5
-539717113;40;9.421740666588152E-4
-25026060#1;23;5.417500883288188E-4
-41571505#1;8;1.8843481333176304E-4
-24908064#1;27;6.359674949947003E-4
-49602184#2;30;7.066305499941114E-4
-53471075#0;37;8.715110116594041E-4
-53471067;24;5.653044399952891E-4
53471063;14;3.2976092333058534E-4
-49602185#3;16;3.768696266635261E-4
-26782327#0;13;3.062065716641149E-4
-93799283;77;0.0018136850783182193
-76168493;118;0.002779413496643505
-35822234#0;14;3.2976092333058534E-4
-25851823;6;1.4132610999882227E-4
-53024265#2;7;1.6488046166529267E-4
-53024265#1;1;2.355435166647038E-5
-26782324;1;2.355435166647038E-5
-53471059#0;6;1.4132610999882227E-4
-490673217;227;0.005346837828288776
-54731261#1;43;0.0010128371216582264
-54731261#3;27;6.359674949947003E-4
-55356621;268;0.006312566246614062
-45026548;63;0.001483924154987634
-55356623#4;59;0.0013897067483217525
-54726409#1;52;0.0012248262866564597
-24822803#0;41;9.657284183252856E-4
-135194315#1;1;2.355435166647038E-5
-89366867;1;2.355435166647038E-5
-988099029;2;4.710870333294076E-5
-593479526;4;9.421740666588152E-5
-73500901;6;1.4132610999882227E-4
-81030468;7;1.6488046166529267E-4
-24786223#1;16;3.768696266635261E-4
-98947039;8;1.8843481333176304E-4
-39646525;28;6.595218466611707E-4
-24618804;10;2.355435166647038E-4
-485508788#1;18;4.239783299964668E-4
-39646520;3;7.066305499941114E-5
-41084690#0;2;4.710870333294076E-5
-310551177;4;9.421740666588152E-5
-24672604;5;1.177717583323519E-4
-28418720;0;0.0
-33083171;0;0.0
-440356609;16;3.768696266635261E-4
-77508106;8;1.8843481333176304E-4
-86124303;7;1.6488046166529267E-4
-41571495#0;6;1.4132610999882227E-4
-28022225#0;5;1.177717583323519E-4
-24690609#1;6;1.4132610999882227E-4
-41571244#0;15;3.533152749970557E-4
-28022225#3;6;1.4132610999882227E-4
-137570973;19;4.4753268166293725E-4
-102597702;0;0.0
-24621756#2;0;0.0
-163934874;5;1.177717583323519E-4
-38379352#0;10;2.355435166647038E-4
-367429060;7;1.6488046166529267E-4
-24691217;7;1.6488046166529267E-4
-24634224;5;1.177717583323519E-4
26735808;34;8.008479566599929E-4
-776830638;14;3.2976092333058534E-4
-245778554;6;1.4132610999882227E-4
-52118564#0;251;0.0059121422682840655
-367429064#1;29;6.83076198327641E-4
-39180912#3;48;0.0011306088799905782
-367429064#5;37;8.715110116594041E-4
-24621793;31;7.301849016605817E-4
-24622113;17;4.0042397832999645E-4
-24622012#1;28;6.595218466611707E-4
-24644961;8;1.8843481333176304E-4
-640236933#2;23;5.417500883288188E-4
-24672433;9;2.119891649982334E-4
-31453870;23;5.417500883288188E-4
-125063601;8;1.8843481333176304E-4
-24672652#1;19;4.4753268166293725E-4
-24672671#2;8;1.8843481333176304E-4
-137570975#0;9;2.119891649982334E-4
-24672671#1;22;5.181957366623484E-4
-24672469#1;30;7.066305499941114E-4
-24644646#1;24;5.653044399952891E-4
-24644628#1;19;4.4753268166293725E-4
-24644717#1;21;4.94641384995878E-4
-24672460#1;33;7.772936049935226E-4
-210191119#1;31;7.301849016605817E-4
-24672479#1;14;3.2976092333058534E-4
-640236933#0;3;7.066305499941114E-5
-102597688;2;4.710870333294076E-5
-39198309;3;7.066305499941114E-5
-39198276;2;4.710870333294076E-5
-39198301#0;10;2.355435166647038E-4
-39198297;9;2.119891649982334E-4
-39198238#1;24;5.653044399952891E-4
-39198238#3;31;7.301849016605817E-4
-495847113#3;23;5.417500883288188E-4
-39198250#3;41;9.657284183252856E-4
-39198247#3;34;8.008479566599929E-4
-39198248;15;3.533152749970557E-4
-107602692#1;21;4.94641384995878E-4
-26735814;0;0.0
-935032089;1;2.355435166647038E-5
-35818300#0;7;1.6488046166529267E-4
-39928255;10;2.355435166647038E-4
-35818297#1;13;3.062065716641149E-4
-50865799#1;16;3.768696266635261E-4
-35818276#0;6;1.4132610999882227E-4
-140042064#1;16;3.768696266635261E-4
-35818290#1;8;1.8843481333176304E-4
-35818276#1;12;2.8265221999764455E-4
-140042059;14;3.2976092333058534E-4
-35818298;23;5.417500883288188E-4
-35818259#0;16;3.768696266635261E-4
-485508797#1;14;3.2976092333058534E-4
-35818289#0;17;4.0042397832999645E-4
-35818278#3;21;4.94641384995878E-4
-35818281#1;19;4.4753268166293725E-4
-35818261#3;38;8.950653633258745E-4
-35818284;10;2.355435166647038E-4
-35818258#1;23;5.417500883288188E-4
-39181595#2;19;4.4753268166293725E-4
-50002648#0;7;1.6488046166529267E-4
-101835943#1;1;2.355435166647038E-5
-80716026#3;0;0.0
-39181592#0;13;3.062065716641149E-4
-39199240;2;4.710870333294076E-5
-39184299#0;9;2.119891649982334E-4
-39186641#1;1;2.355435166647038E-5
-39184299#1;17;4.0042397832999645E-4
-39184297#0;28;6.595218466611707E-4
-39181603#1;20;4.710870333294076E-4
-39181601;12;2.8265221999764455E-4
-39181595#0;28;6.595218466611707E-4
-495026126#0;4;9.421740666588152E-5
-438279862;43;0.0010128371216582264
-24786362#3;31;7.301849016605817E-4
-438279878;31;7.301849016605817E-4
-39186627;10;2.355435166647038E-4
-84679439#0;11;2.590978683311742E-4
-39184313#0;32;7.537392533270522E-4
-39184309#1;18;4.239783299964668E-4
-39186625#0;14;3.2976092333058534E-4
-107602690#0;9;2.119891649982334E-4
-392474781#1;31;7.301849016605817E-4
-90148195#0;22;5.181957366623484E-4
-24786362#1;11;2.590978683311742E-4
-392474779#0;42;9.89282769991756E-4
-961410940;17;4.0042397832999645E-4
-40931183#2;12;2.8265221999764455E-4
-246684702#3;12;2.8265221999764455E-4
-24054542#3;16;3.768696266635261E-4
-24054542#1;7;1.6488046166529267E-4
-367429061;0;0.0
-246684702#0;4;9.421740666588152E-5
-102221393;9;2.119891649982334E-4
-90256597#0;8;1.8843481333176304E-4
-39207242#1;2;4.710870333294076E-5
-32702545;39;9.186197149923448E-4
-39207105;47;0.0011070545283241079
-438239535#0;1;2.355435166647038E-5
-39207244;7;1.6488046166529267E-4
-25026146#2;14;3.2976092333058534E-4
-30228197#1;129;0.003038511364974679
-538365364;31;7.301849016605817E-4
-485508773#2;16;3.768696266635261E-4
-24786429#0;16;3.768696266635261E-4
-25026184#2;44;0.0010363914733246967
-142273683;31;7.301849016605817E-4
-25026188#0;33;7.772936049935226E-4
-39179203#1;28;6.595218466611707E-4
-25026188#5;48;0.0011306088799905782
-394354621#0;46;0.0010835001766576376
-395860460#0;32;7.537392533270522E-4
-327752478;0;0.0
-39179178#2;42;9.89282769991756E-4
-39179199#7;50;0.001177717583323519
-402928307#1;72;0.0016959133199858673
-24786429#1;44;0.0010363914733246967
-39179178#7;22;5.181957366623484E-4
-39181541#1;19;4.4753268166293725E-4
-102221405#1;27;6.359674949947003E-4
-36523530#1;45;0.001059945824991167
-36523534#1;55;0.0012954893416558708
-36523544#2;37;8.715110116594041E-4
-90113872#0;41;9.657284183252856E-4
-31671827#1;20;4.710870333294076E-4
-485508776#0;38;8.950653633258745E-4
-140288134;45;0.001059945824991167
-39179163;44;0.0010363914733246967
-485575723#0;41;9.657284183252856E-4
-490549209;35;8.244023083264633E-4
-227632108#1;25;5.888587916617595E-4
-490548753;41;9.657284183252856E-4
-160584571;49;0.0011541632316570487
-140559129#1;26;6.124131433282298E-4
-494998160;66;0.0015545872099870452
-25026218#0;36;8.479566599929336E-4
-39179155#0;24;5.653044399952891E-4
-35013983#3;11;2.590978683311742E-4
-486848034#2;37;8.715110116594041E-4
-986012528;29;6.83076198327641E-4
-81410372#4;28;6.595218466611707E-4
-170193164#3;9;2.119891649982334E-4
-81406722#1;14;3.2976092333058534E-4
-35013975;6;1.4132610999882227E-4
-290409166#0;4;9.421740666588152E-5
-137387706#1;46;0.0010835001766576376
-35013966#0;2;4.710870333294076E-5
-35869470#1;5;1.177717583323519E-4
-35823182#1;4;9.421740666588152E-5
-33179212;11;2.590978683311742E-4
-35823792;1;2.355435166647038E-5
-25383156#2;108;0.002543869979978801
-35823790;5;1.177717583323519E-4
-34870190;5;1.177717583323519E-4
-34870189#0;445;0.01048168649157932
-35823777;1;2.355435166647038E-5
-4475588#0;13;3.062065716641149E-4
-111092922;10;2.355435166647038E-4
-35214790#1;356;0.008385349193263456
-415290854;63;0.001483924154987634
-415290862;20;4.710870333294076E-4
-111092911#0;11;2.590978683311742E-4
-796958142#2;5;1.177717583323519E-4
-35214794#0;18;4.239783299964668E-4
-34870192#2;75;0.0017665763749852785
-367435046#2;25;5.888587916617595E-4
-485926494;6;1.4132610999882227E-4
-34850934;14;3.2976092333058534E-4
-35013962;4;9.421740666588152E-5
-485926496;15;3.533152749970557E-4
-485926495;5;1.177717583323519E-4
-486848043#1;48;0.0011306088799905782
-35013964#0;2;4.710870333294076E-5
-35013970#1;8;1.8843481333176304E-4
-38281706;7;1.6488046166529267E-4
-34697993#1;1;2.355435166647038E-5
-796958142#0;0;0.0
-35200437#1;48;0.0011306088799905782
-81239053#0;32;7.537392533270522E-4
-38754111;0;0.0
-35200436#1;1;2.355435166647038E-5
-34870199#1;5;1.177717583323519E-4
-34870200#0;274;0.006453892356612884
-986012536;8;1.8843481333176304E-4
-38569471#0;2;4.710870333294076E-5
-38569470#1;31;7.301849016605817E-4
-986012533;6;1.4132610999882227E-4
-144208958#1;0;0.0
-35200439#1;9;2.119891649982334E-4
-38281692;5;1.177717583323519E-4
-55741203#1;17;4.0042397832999645E-4
-35013976;0;0.0
-35823846#4;57;0.0013425980449888117
-38281711#2;13;3.062065716641149E-4
-120162934#2;35;8.244023083264633E-4
-35823800;30;7.066305499941114E-4
-35823806;4;9.421740666588152E-5
-35823805#0;0;0.0
-120162932#2;24;5.653044399952891E-4
-35823841#0;20;4.710870333294076E-4
-35823812#1;12;2.8265221999764455E-4
-35823810;5;1.177717583323519E-4
-136121913;1;2.355435166647038E-5
-63530360#1;12;2.8265221999764455E-4
-337954601#0;173;0.004074902838299376
-93772083#2;174;0.004098457189965846
-48766054#2;59;0.0013897067483217525
-48766055;93;0.0021905547049817452
-54446132#0;54;0.0012719349899894005
-54107882;8;1.8843481333176304E-4
-34091179#4;0;0.0
-308788743;11;2.590978683311742E-4
-78352245;30;7.066305499941114E-4
-488050380;9;2.119891649982334E-4
-35823822#1;20;4.710870333294076E-4
-29073756#2;25;5.888587916617595E-4
-488516537;22;5.181957366623484E-4
-488516534;1;2.355435166647038E-5
-212042103;4;9.421740666588152E-5
-32953964#0;3;7.066305499941114E-5
-32906588;5;1.177717583323519E-4
-35823831#0;25;5.888587916617595E-4
484337479;138;0.0032505005299729127
-31963736;89;0.002096337298315864
-35165130#1;72;0.0016959133199858673
-152378859;24;5.653044399952891E-4
-145393541;414;0.009751501589918738
-484247179;72;0.0016959133199858673
-746998595;49;0.0011541632316570487
-367807853;100;0.002355435166647038
-484247183;2;4.710870333294076E-5
-38379334#1;59;0.0013897067483217525
-104367022#3;17;4.0042397832999645E-4
-42425735;413;0.009727947238252268
-42109876;691;0.016276057001531032
-24989072#0;10;2.355435166647038E-4
-154758445;4;9.421740666588152E-5
-30965811#3;22;5.181957366623484E-4
-24700615#0;4;9.421740666588152E-5
-144162329;6;1.4132610999882227E-4
-872644904;8;1.8843481333176304E-4
-986012523;2;4.710870333294076E-5
-484393129;14;3.2976092333058534E-4
-282789772#1;10;2.355435166647038E-4
-415287551#0;42;9.89282769991756E-4
-415306248;37;8.715110116594041E-4
-124903985#1;32;7.537392533270522E-4
-68543362;529;0.012460252031562832
-484210998#1;20;4.710870333294076E-4
-24988349#3;30;7.066305499941114E-4
-199800832#3;28;6.595218466611707E-4
-199800832#0;96;0.0022612177599811564
-120080440#3;45;0.001059945824991167
-484393111#0;15;3.533152749970557E-4
-24989206;2;4.710870333294076E-5
-199907861#1;3;7.066305499941114E-5
-137387684;14;3.2976092333058534E-4
-120176533#1;4;9.421740666588152E-5
-66692825;60;0.0014132610999882229
-484211004;34;8.008479566599929E-4
-24989074#0;4;9.421740666588152E-5
-154370089;4;9.421740666588152E-5
-144444032#1;0;0.0
-308808822;2;4.710870333294076E-5
-154505592;18;4.239783299964668E-4
-29257620;1;2.355435166647038E-5
-81390855#0;25;5.888587916617595E-4
-137387703#4;4;9.421740666588152E-5
-81390855#1;3;7.066305499941114E-5
-485703094;3;7.066305499941114E-5
-150603215#3;59;0.0013897067483217525
-142489332#0;11;2.590978683311742E-4
-127964160;432;0.010175479919915204
-295732688;171;0.004027794134966435
-295732673#3;114;0.0026851960899776234
-142695926;57;0.0013425980449888117
-485703678;43;0.0010128371216582264
-37810965#1;23;5.417500883288188E-4
-137387703#2;6;1.4132610999882227E-4
-144443902;3;7.066305499941114E-5
-144443785#0;9;2.119891649982334E-4
-111347764#0;72;0.0016959133199858673
-29258084#5;22;5.181957366623484E-4
-29258084#0;36;8.479566599929336E-4
-986170777#0;16;3.768696266635261E-4
-169445351#1;19;4.4753268166293725E-4
-24989072#1;0;0.0
-61670775;3;7.066305499941114E-5
-104367027;2;4.710870333294076E-5
-495034972#3;15;3.533152749970557E-4
-872644900#1;2;4.710870333294076E-5
-104367025;4;9.421740666588152E-5
-144162422#1;9;2.119891649982334E-4
-144162414#1;16;3.768696266635261E-4
-144208921;23;5.417500883288188E-4
-144208931;37;8.715110116594041E-4
-144209076#1;19;4.4753268166293725E-4
-294561132#3;46;0.0010835001766576376
-24233859#0;22;5.181957366623484E-4
-144209069#1;17;4.0042397832999645E-4
-539504869;44;0.0010363914733246967
-35013983#1;23;5.417500883288188E-4
-144209065#0;22;5.181957366623484E-4
-144209071#1;27;6.359674949947003E-4
-288962870#1;29;6.83076198327641E-4
-144162303;15;3.533152749970557E-4
-168429927;35;8.244023083264633E-4
-81406712#4;38;8.950653633258745E-4
-144162395#1;22;5.181957366623484E-4
-24704419#0;59;0.0013897067483217525
-222511689;37;8.715110116594041E-4
-64300828#1;134;0.003156283123307031
-88706412#0;10;2.355435166647038E-4
-144162418#2;40;9.421740666588152E-4
-144162374#3;19;4.4753268166293725E-4
-24704417;59;0.0013897067483217525
-24704414#3;29;6.83076198327641E-4
-24704418#0;78;0.0018372394299846896
-87355087#2;50;0.001177717583323519
-24704410#2;70;0.0016488046166529267
-156838374;57;0.0013425980449888117
-155607287#1;46;0.0010835001766576376
-213496108#1;41;9.657284183252856E-4
-26800731#0;2;4.710870333294076E-5
-24720806#2;26;6.124131433282298E-4
-228543051;42;9.89282769991756E-4
-24720807;60;0.0014132610999882229
-155610981#0;27;6.359674949947003E-4
-24720810;55;0.0012954893416558708
-144162343;26;6.124131433282298E-4
-24704395#0;57;0.0013425980449888117
-24704393#0;43;0.0010128371216582264
-143436316#1;46;0.0010835001766576376
228406790#0;55;0.0012954893416558708
-27091597#6;57;0.0013425980449888117
-143436281#0;75;0.0017665763749852785
-34135085;43;0.0010128371216582264
-288903447#1;38;8.950653633258745E-4
-228391044#0;45;0.001059945824991167
-288903454;11;2.590978683311742E-4
-288903448#1;40;9.421740666588152E-4
-144162382;68;0.0016016959133199858
-8380384#2;41;9.657284183252856E-4
-872644901;5;1.177717583323519E-4
-872644907;5;1.177717583323519E-4
-346364627;2;4.710870333294076E-5
-220606159;3;7.066305499941114E-5
365298401#0;4;9.421740666588152E-5
-747060859;2;4.710870333294076E-5
-155045708;1;2.355435166647038E-5
-144162312;24;5.653044399952891E-4
-24720781#0;29;6.83076198327641E-4
-282789771;48;0.0011306088799905782
-24720777#0;64;0.0015074785066541043
-222325185#4;34;8.008479566599929E-4
-152294069#1;60;0.0014132610999882229
-34182092;3;7.066305499941114E-5
-281844519#2;51;0.0012012719349899894
-144162336;61;0.0014368154516546932
-857021589#1;8;1.8843481333176304E-4
-24720747#13;97;0.002284772111647627
-152294068#0;43;0.0010128371216582264
-24720751#2;51;0.0012012719349899894
-24720752#0;34;8.008479566599929E-4
-24720785;42;9.89282769991756E-4
-24704380;40;9.421740666588152E-4
-24704378#2;2;4.710870333294076E-5
-956034523#2;145;0.003415380991638205
-24704377#0;51;0.0012012719349899894
-223311714;44;0.0010363914733246967
-282104180#1;34;8.008479566599929E-4
-415302127#0;9;2.119891649982334E-4
-282789765#0;25;5.888587916617595E-4
-24720793;13;3.062065716641149E-4
-24720792#0;46;0.0010835001766576376
-61670797#1;77;0.0018136850783182193
-24704370#2;31;7.301849016605817E-4
-956034523#1;26;6.124131433282298E-4
-24704369#0;15;3.533152749970557E-4
-24704371#4;28;6.595218466611707E-4
-144162287#2;10;2.355435166647038E-4
-144444176#1;11;2.590978683311742E-4
-154027902#0;21;4.94641384995878E-4
-144444093#1;10;2.355435166647038E-4
-104367028#0;1;2.355435166647038E-5
-144444093#2;8;1.8843481333176304E-4
-835543178;6;1.4132610999882227E-4
-952339840;4;9.421740666588152E-5
-77518500;1;2.355435166647038E-5
