date;BundeslandID;outOfHomeDuration;percentageChangeComparedToBeforeCorona
20200308;Baden-Württemberg;7.45;0
20200308;Hessen;7.51;0
20200308;Berlin;7.2;0
20200308;Brandenburg;6.84;0
20200308;Sachsen;7.04;0
20200308;Bayern;7.48;0
20200308;Nordrhein-Westfalen;7.01;0
20200308;Hamburg;7.03;0
20200308;Mecklenburg-Vorpommern;7.42;0
20200308;Niedersachsen;7.390000000000001;0
20200308;Deutschland;7.29;0
20200308;Bremen;7.45;0
20200308;Thüringen;7.29;0
20200308;Saarland;7.15;0
20200308;Sachsen-Anhalt;7.15;0
20200308;Rheinland-Pfalz;7.74;0
20200308;Schleswig-Holstein;7.09;0
20200315;Baden-Württemberg;7.25;-3
20200315;Hessen;7.32;-2
20200315;Berlin;6.8;-5
20200315;Brandenburg;6.68;-2
20200315;Sachsen;6.8500000000000005;-3
20200315;Bayern;7.2700000000000005;-3
20200315;Nordrhein-Westfalen;6.82;-3
20200315;Hamburg;6.640000000000001;-6
20200315;Mecklenburg-Vorpommern;7.36;-1
20200315;Niedersachsen;7.18;-3
20200315;Deutschland;7.08;-3
20200315;Bremen;7.15;-4
20200315;Thüringen;7.140000000000001;-2
20200315;Saarland;6.92;-3
20200315;Sachsen-Anhalt;7.0;-2
20200315;Rheinland-Pfalz;7.57;-2
20200315;Schleswig-Holstein;6.890000000000001;-3
20200322;Baden-Württemberg;6.05;-19
20200322;Hessen;6.15;-18
20200322;Berlin;5.17;-28
20200322;Brandenburg;5.8100000000000005;-15
20200322;Sachsen;5.86;-17
20200322;Bayern;5.89;-21
20200322;Nordrhein-Westfalen;5.73;-18
20200322;Hamburg;5.07;-28
20200322;Mecklenburg-Vorpommern;6.4;-14
20200322;Niedersachsen;6.0200000000000005;-19
20200322;Deutschland;5.91;-19
20200322;Bremen;5.74;-23
20200322;Thüringen;6.34;-13
20200322;Saarland;5.97;-16
20200322;Sachsen-Anhalt;6.19;-13
20200322;Rheinland-Pfalz;6.47;-16
20200322;Schleswig-Holstein;5.73;-19
20200329;Baden-Württemberg;5.36;-28
20200329;Hessen;5.5;-27
20200329;Berlin;4.36;-39
20200329;Brandenburg;5.24;-23
20200329;Sachsen;5.14;-27
20200329;Bayern;5.24;-30
20200329;Nordrhein-Westfalen;5.1000000000000005;-27
20200329;Hamburg;4.44;-37
20200329;Mecklenburg-Vorpommern;5.97;-20
20200329;Niedersachsen;5.4;-27
20200329;Deutschland;5.2700000000000005;-28
20200329;Bremen;5.05;-32
20200329;Thüringen;5.73;-21
20200329;Saarland;5.33;-25
20200329;Sachsen-Anhalt;5.65;-21
20200329;Rheinland-Pfalz;5.8500000000000005;-24
20200329;Schleswig-Holstein;5.23;-26
20200405;Baden-Württemberg;5.78;-22
20200405;Hessen;5.8100000000000005;-23
20200405;Berlin;4.67;-35
20200405;Brandenburg;5.51;-19
20200405;Sachsen;5.36;-24
20200405;Bayern;5.57;-26
20200405;Nordrhein-Westfalen;5.34;-24
20200405;Hamburg;4.76;-32
20200405;Mecklenburg-Vorpommern;6.25;-16
20200405;Niedersachsen;5.69;-23
20200405;Deutschland;5.58;-23
20200405;Bremen;5.28;-29
20200405;Thüringen;6.1000000000000005;-16
20200405;Saarland;5.55;-22
20200405;Sachsen-Anhalt;5.95;-17
20200405;Rheinland-Pfalz;6.2;-20
20200405;Schleswig-Holstein;5.51;-22
20200412;Baden-Württemberg;5.82;-22
20200412;Hessen;5.82;-22
20200412;Berlin;4.9;-32
20200412;Brandenburg;5.49;-20
20200412;Sachsen;5.51;-22
20200412;Bayern;5.61;-25
20200412;Nordrhein-Westfalen;5.42;-23
20200412;Hamburg;4.91;-30
20200412;Mecklenburg-Vorpommern;6.28;-15
20200412;Niedersachsen;5.76;-22
20200412;Deutschland;5.64;-23
20200412;Bremen;5.54;-26
20200412;Thüringen;6.13;-16
20200412;Saarland;5.51;-23
20200412;Sachsen-Anhalt;6.01;-16
20200412;Rheinland-Pfalz;6.19;-20
20200412;Schleswig-Holstein;5.6000000000000005;-21
20200419;Baden-Württemberg;5.7;-24
20200419;Hessen;5.62;-25
20200419;Berlin;4.76;-34
20200419;Brandenburg;5.45;-20
20200419;Sachsen;5.37;-24
20200419;Bayern;5.46;-27
20200419;Nordrhein-Westfalen;5.17;-26
20200419;Hamburg;4.8;-32
20200419;Mecklenburg-Vorpommern;6.25;-16
20200419;Niedersachsen;5.68;-23
20200419;Deutschland;5.49;-25
20200419;Bremen;5.38;-28
20200419;Thüringen;6.0;-18
20200419;Saarland;5.39;-25
20200419;Sachsen-Anhalt;5.93;-17
20200419;Rheinland-Pfalz;6.04;-22
20200419;Schleswig-Holstein;5.47;-23
20200426;Baden-Württemberg;6.24;-16
20200426;Hessen;6.22;-17
20200426;Berlin;5.3;-26
20200426;Brandenburg;6.03;-12
20200426;Sachsen;6.08;-14
20200426;Bayern;6.07;-19
20200426;Nordrhein-Westfalen;5.75;-18
20200426;Hamburg;5.26;-25
20200426;Mecklenburg-Vorpommern;6.78;-9
20200426;Niedersachsen;6.17;-17
20200426;Deutschland;6.0600000000000005;-17
20200426;Bremen;5.84;-22
20200426;Thüringen;6.6000000000000005;-9
20200426;Saarland;5.98;-16
20200426;Sachsen-Anhalt;6.47;-9
20200426;Rheinland-Pfalz;6.66;-14
20200426;Schleswig-Holstein;5.95;-16
20200503;Baden-Württemberg;6.0200000000000005;-19
20200503;Hessen;5.98;-20
20200503;Berlin;5.58;-23
20200503;Brandenburg;6.07;-11
20200503;Sachsen;6.1000000000000005;-13
20200503;Bayern;5.89;-21
20200503;Nordrhein-Westfalen;5.59;-20
20200503;Hamburg;5.44;-23
20200503;Mecklenburg-Vorpommern;6.76;-9
20200503;Niedersachsen;6.2;-16
20200503;Deutschland;5.95;-18
20200503;Bremen;5.96;-20
20200503;Thüringen;6.5;-11
20200503;Saarland;5.74;-20
20200503;Sachsen-Anhalt;6.44;-10
20200503;Rheinland-Pfalz;6.390000000000001;-17
20200503;Schleswig-Holstein;6.04;-15
20200510;Baden-Württemberg;6.59;-12
20200510;Hessen;6.48;-14
20200510;Berlin;5.9;-18
20200510;Brandenburg;6.53;-5
20200510;Sachsen;6.66;-5
20200510;Bayern;6.54;-12
20200510;Nordrhein-Westfalen;6.04;-14
20200510;Hamburg;6.11;-13
20200510;Mecklenburg-Vorpommern;7.37;-1
20200510;Niedersachsen;6.76;-9
20200510;Deutschland;6.49;-11
20200510;Bremen;6.63;-11
20200510;Thüringen;7.08;-3
20200510;Saarland;6.390000000000001;-11
20200510;Sachsen-Anhalt;7.05;-1
20200510;Rheinland-Pfalz;6.95;-10
20200510;Schleswig-Holstein;6.62;-7
20200517;Baden-Württemberg;6.61;-11
20200517;Hessen;6.58;-12
20200517;Berlin;5.7700000000000005;-20
20200517;Brandenburg;6.47;-5
20200517;Sachsen;6.5200000000000005;-7
20200517;Bayern;6.6000000000000005;-12
20200517;Nordrhein-Westfalen;6.11;-13
20200517;Hamburg;5.74;-18
20200517;Mecklenburg-Vorpommern;7.08;-5
20200517;Niedersachsen;6.58;-11
20200517;Deutschland;6.47;-11
20200517;Bremen;6.2700000000000005;-16
20200517;Thüringen;6.95;-5
20200517;Saarland;6.45;-10
20200517;Sachsen-Anhalt;6.83;-4
20200517;Rheinland-Pfalz;7.04;-9
20200517;Schleswig-Holstein;6.33;-11
20200524;Baden-Württemberg;6.57;-12
20200524;Hessen;6.57;-12
20200524;Berlin;5.8500000000000005;-19
20200524;Brandenburg;6.47;-5
20200524;Sachsen;6.55;-7
20200524;Bayern;6.5600000000000005;-12
20200524;Nordrhein-Westfalen;6.0600000000000005;-14
20200524;Hamburg;5.83;-17
20200524;Mecklenburg-Vorpommern;7.21;-3
20200524;Niedersachsen;6.51;-12
20200524;Deutschland;6.44;-12
20200524;Bremen;6.29;-16
20200524;Thüringen;6.88;-6
20200524;Saarland;6.3100000000000005;-12
20200524;Sachsen-Anhalt;6.62;-7
20200524;Rheinland-Pfalz;6.95;-10
20200524;Schleswig-Holstein;6.44;-9
20200531;Baden-Württemberg;7.09;-5
20200531;Hessen;7.07;-6
20200531;Berlin;6.44;-11
20200531;Brandenburg;6.9;1
20200531;Sachsen;6.99;-1
20200531;Bayern;7.0;-6
20200531;Nordrhein-Westfalen;6.59;-6
20200531;Hamburg;6.45;-8
20200531;Mecklenburg-Vorpommern;7.98;7
20200531;Niedersachsen;7.0600000000000005;-4
20200531;Deutschland;6.95;-5
20200531;Bremen;6.96;-7
20200531;Thüringen;7.37;1
20200531;Saarland;6.87;-4
20200531;Sachsen-Anhalt;7.140000000000001;0
20200531;Rheinland-Pfalz;7.47;-3
20200531;Schleswig-Holstein;6.98;-2
20200607;Baden-Württemberg;6.71;-10
20200607;Hessen;6.75;-10
20200607;Berlin;6.28;-13
20200607;Brandenburg;6.8;-1
20200607;Sachsen;6.8100000000000005;-3
20200607;Bayern;6.74;-10
20200607;Nordrhein-Westfalen;6.21;-11
20200607;Hamburg;6.1000000000000005;-13
20200607;Mecklenburg-Vorpommern;7.82;5
20200607;Niedersachsen;6.72;-9
20200607;Deutschland;6.65;-9
20200607;Bremen;6.53;-12
20200607;Thüringen;7.0600000000000005;-3
20200607;Saarland;6.54;-8
20200607;Sachsen-Anhalt;6.98;-2
20200607;Rheinland-Pfalz;7.17;-7
20200607;Schleswig-Holstein;6.73;-5
20200614;Baden-Württemberg;6.84;-8
20200614;Hessen;6.87;-8
20200614;Berlin;6.92;-4
20200614;Brandenburg;7.07;3
20200614;Sachsen;7.19;2
20200614;Bayern;6.9;-8
20200614;Nordrhein-Westfalen;6.67;-5
20200614;Hamburg;6.59;-6
20200614;Mecklenburg-Vorpommern;8.1;9
20200614;Niedersachsen;7.12;-4
20200614;Deutschland;6.95;-5
20200614;Bremen;7.11;-5
20200614;Thüringen;7.44;2
20200614;Saarland;6.57;-8
20200614;Sachsen-Anhalt;7.36;3
20200614;Rheinland-Pfalz;7.24;-6
20200614;Schleswig-Holstein;7.04;-1
20200621;Baden-Württemberg;7.38;-1
20200621;Hessen;7.26;-3
20200621;Berlin;7.26;1
20200621;Brandenburg;7.09;4
20200621;Sachsen;7.3;4
20200621;Bayern;7.22;-3
20200621;Nordrhein-Westfalen;7.08;1
20200621;Hamburg;7.140000000000001;2
20200621;Mecklenburg-Vorpommern;8.11;9
20200621;Niedersachsen;7.2700000000000005;-2
20200621;Deutschland;7.28;0
20200621;Bremen;7.51;1
20200621;Thüringen;7.51;3
20200621;Saarland;7.01;-2
20200621;Sachsen-Anhalt;7.41;4
20200621;Rheinland-Pfalz;7.71;0
20200621;Schleswig-Holstein;7.42;5
20200628;Baden-Württemberg;7.62;2
20200628;Hessen;7.5;0
20200628;Berlin;7.33;2
20200628;Brandenburg;7.3;7
20200628;Sachsen;7.48;6
20200628;Bayern;7.68;3
20200628;Nordrhein-Westfalen;7.25;3
20200628;Hamburg;7.11;1
20200628;Mecklenburg-Vorpommern;8.21;11
20200628;Niedersachsen;7.44;1
20200628;Deutschland;7.5;3
20200628;Bremen;7.5600000000000005;2
20200628;Thüringen;7.73;6
20200628;Saarland;7.140000000000001;0
20200628;Sachsen-Anhalt;7.5600000000000005;6
20200628;Rheinland-Pfalz;7.8500000000000005;1
20200628;Schleswig-Holstein;7.49;6
20200705;Baden-Württemberg;7.65;3
20200705;Hessen;7.43;-1
20200705;Berlin;6.8500000000000005;-5
20200705;Brandenburg;7.16;5
20200705;Sachsen;7.41;5
20200705;Bayern;7.65;2
20200705;Nordrhein-Westfalen;7.0600000000000005;1
20200705;Hamburg;6.63;-6
20200705;Mecklenburg-Vorpommern;7.99;8
20200705;Niedersachsen;7.25;-2
20200705;Deutschland;7.37;1
20200705;Bremen;7.09;-5
20200705;Thüringen;7.66;5
20200705;Saarland;7.18;0
20200705;Sachsen-Anhalt;7.49;5
20200705;Rheinland-Pfalz;7.8;1
20200705;Schleswig-Holstein;7.0600000000000005;0
20200712;Baden-Württemberg;7.67;3
20200712;Hessen;7.3100000000000005;-3
20200712;Berlin;6.71;-7
20200712;Brandenburg;7.04;3
20200712;Sachsen;7.26;3
20200712;Bayern;7.63;2
20200712;Nordrhein-Westfalen;7.05;0
20200712;Hamburg;6.59;-6
20200712;Mecklenburg-Vorpommern;7.84;6
20200712;Niedersachsen;7.23;-2
20200712;Deutschland;7.32;0
20200712;Bremen;7.16;-4
20200712;Thüringen;7.63;5
20200712;Saarland;7.13;0
20200712;Sachsen-Anhalt;7.36;3
20200712;Rheinland-Pfalz;7.75;0
20200712;Schleswig-Holstein;7.01;-1
20200719;Baden-Württemberg;7.67;3
20200719;Hessen;7.32;-2
20200719;Berlin;6.94;-4
20200719;Brandenburg;7.17;5
20200719;Sachsen;7.42;5
20200719;Bayern;7.69;3
20200719;Nordrhein-Westfalen;7.17;2
20200719;Hamburg;6.94;-1
20200719;Mecklenburg-Vorpommern;8.17;10
20200719;Niedersachsen;7.44;1
20200719;Deutschland;7.43;2
20200719;Bremen;7.53;1
20200719;Thüringen;7.73;6
20200719;Saarland;7.11;0
20200719;Sachsen-Anhalt;7.55;6
20200719;Rheinland-Pfalz;7.72;0
20200719;Schleswig-Holstein;7.3;3
20200726;Baden-Württemberg;7.72;4
20200726;Hessen;7.32;-3
20200726;Berlin;6.88;-4
20200726;Brandenburg;7.15;4
20200726;Sachsen;7.3100000000000005;4
20200726;Bayern;7.74;4
20200726;Nordrhein-Westfalen;7.13;2
20200726;Hamburg;6.73;-4
20200726;Mecklenburg-Vorpommern;8.16;10
20200726;Niedersachsen;7.3;-1
20200726;Deutschland;7.4;2
20200726;Bremen;7.28;-2
20200726;Thüringen;7.59;4
20200726;Saarland;7.07;-1
20200726;Sachsen-Anhalt;7.390000000000001;3
20200726;Rheinland-Pfalz;7.74;0
20200726;Schleswig-Holstein;7.140000000000001;1
20200802;Baden-Württemberg;7.75;4
20200802;Hessen;7.3500000000000005;-2
20200802;Berlin;6.97;-3
20200802;Brandenburg;7.21;5
20200802;Sachsen;7.3500000000000005;4
20200802;Bayern;7.72;3
20200802;Nordrhein-Westfalen;7.18;2
20200802;Hamburg;6.96;-1
20200802;Mecklenburg-Vorpommern;8.2;11
20200802;Niedersachsen;7.3100000000000005;-1
20200802;Deutschland;7.43;2
20200802;Bremen;7.33;-2
20200802;Thüringen;7.5600000000000005;4
20200802;Saarland;7.13;0
20200802;Sachsen-Anhalt;7.43;4
20200802;Rheinland-Pfalz;7.73;0
20200802;Schleswig-Holstein;7.28;3
20200809;Baden-Württemberg;7.71;3
20200809;Hessen;7.38;-2
20200809;Berlin;7.15;-1
20200809;Brandenburg;7.32;7
20200809;Sachsen;7.34;4
20200809;Bayern;7.72;3
20200809;Nordrhein-Westfalen;7.29;4
20200809;Hamburg;7.24;3
20200809;Mecklenburg-Vorpommern;8.48;14
20200809;Niedersachsen;7.38;0
20200809;Deutschland;7.49;3
20200809;Bremen;7.47;0
20200809;Thüringen;7.55;3
20200809;Saarland;7.13;0
20200809;Sachsen-Anhalt;7.47;5
20200809;Rheinland-Pfalz;7.73;0
20200809;Schleswig-Holstein;7.5;6
20200816;Baden-Württemberg;7.51;1
20200816;Hessen;7.28;-3
20200816;Berlin;7.22;0
20200816;Brandenburg;7.390000000000001;8
20200816;Sachsen;7.2700000000000005;3
20200816;Bayern;7.54;1
20200816;Nordrhein-Westfalen;7.29;4
20200816;Hamburg;7.18;2
20200816;Mecklenburg-Vorpommern;8.31;12
20200816;Niedersachsen;7.29;-1
20200816;Deutschland;7.41;2
20200816;Bremen;7.34;-1
20200816;Thüringen;7.41;2
20200816;Saarland;7.0600000000000005;-1
20200816;Sachsen-Anhalt;7.3500000000000005;3
20200816;Rheinland-Pfalz;7.65;-1
20200816;Schleswig-Holstein;7.55;6
20200823;Baden-Württemberg;7.46;0
20200823;Hessen;7.54;1
20200823;Berlin;7.15;-1
20200823;Brandenburg;7.4;8
20200823;Sachsen;7.24;3
20200823;Bayern;7.53;1
20200823;Nordrhein-Westfalen;7.42;6
20200823;Hamburg;7.0200000000000005;0
20200823;Mecklenburg-Vorpommern;8.3;12
20200823;Niedersachsen;7.2700000000000005;-2
20200823;Deutschland;7.46;2
20200823;Bremen;7.25;-3
20200823;Thüringen;7.5200000000000005;3
20200823;Saarland;7.44;4
20200823;Sachsen-Anhalt;7.36;3
20200823;Rheinland-Pfalz;7.98;3
20200823;Schleswig-Holstein;7.43;5
20200830;Baden-Württemberg;7.390000000000001;-1
20200830;Hessen;7.66;2
20200830;Berlin;7.3100000000000005;2
20200830;Brandenburg;7.48;9
20200830;Sachsen;7.38;5
20200830;Bayern;7.43;-1
20200830;Nordrhein-Westfalen;7.54;7
20200830;Hamburg;7.22;3
20200830;Mecklenburg-Vorpommern;8.32;12
20200830;Niedersachsen;7.48;1
20200830;Deutschland;7.53;3
20200830;Bremen;7.62;2
20200830;Thüringen;7.62;4
20200830;Saarland;7.53;5
20200830;Sachsen-Anhalt;7.53;5
20200830;Rheinland-Pfalz;8.08;4
20200830;Schleswig-Holstein;7.5200000000000005;6
20200906;Baden-Württemberg;7.61;2
20200906;Hessen;7.65;2
20200906;Berlin;7.23;0
20200906;Brandenburg;7.45;9
20200906;Sachsen;7.53;7
20200906;Bayern;7.59;1
20200906;Nordrhein-Westfalen;7.43;6
20200906;Hamburg;7.16;2
20200906;Mecklenburg-Vorpommern;8.24;11
20200906;Niedersachsen;7.640000000000001;3
20200906;Deutschland;7.58;4
20200906;Bremen;7.72;4
20200906;Thüringen;7.82;7
20200906;Saarland;7.55;6
20200906;Sachsen-Anhalt;7.67;7
20200906;Rheinland-Pfalz;8.08;4
20200906;Schleswig-Holstein;7.51;6
20200913;Baden-Württemberg;7.72;4
20200913;Hessen;7.74;3
20200913;Berlin;7.73;7
20200913;Brandenburg;7.67;12
20200913;Sachsen;7.84;11
20200913;Bayern;7.82;5
20200913;Nordrhein-Westfalen;7.5200000000000005;7
20200913;Hamburg;7.54;7
20200913;Mecklenburg-Vorpommern;8.45;14
20200913;Niedersachsen;7.86;6
20200913;Deutschland;7.76;7
20200913;Bremen;8.01;7
20200913;Thüringen;8.1;11
20200913;Saarland;7.5600000000000005;6
20200913;Sachsen-Anhalt;7.92;11
20200913;Rheinland-Pfalz;8.13;5
20200913;Schleswig-Holstein;7.73;9
20200920;Baden-Württemberg;7.890000000000001;6
20200920;Hessen;7.73;3
20200920;Berlin;7.91;10
20200920;Brandenburg;7.71;13
20200920;Sachsen;7.94;13
20200920;Bayern;7.86;5
20200920;Nordrhein-Westfalen;7.48;7
20200920;Hamburg;7.8500000000000005;12
20200920;Mecklenburg-Vorpommern;8.61;16
20200920;Niedersachsen;7.98;8
20200920;Deutschland;7.83;7
20200920;Bremen;8.26;11
20200920;Thüringen;8.1;11
20200920;Saarland;7.53;5
20200920;Sachsen-Anhalt;8.01;12
20200920;Rheinland-Pfalz;8.13;5
20200920;Schleswig-Holstein;7.96;12
20200927;Baden-Württemberg;7.7;3
20200927;Hessen;7.58;1
20200927;Berlin;7.3;1
20200927;Brandenburg;7.43;9
20200927;Sachsen;7.53;7
20200927;Bayern;7.65;2
20200927;Nordrhein-Westfalen;7.32;4
20200927;Hamburg;7.33;4
20200927;Mecklenburg-Vorpommern;8.24;11
20200927;Niedersachsen;7.63;3
20200927;Deutschland;7.58;4
20200927;Bremen;7.76;4
20200927;Thüringen;7.73;6
20200927;Saarland;7.36;3
20200927;Sachsen-Anhalt;7.72;8
20200927;Rheinland-Pfalz;8.03;4
20200927;Schleswig-Holstein;7.58;7
20201004;Baden-Württemberg;7.65;3
20201004;Hessen;7.53;0
20201004;Berlin;7.25;1
20201004;Brandenburg;7.36;8
20201004;Sachsen;7.51;7
20201004;Bayern;7.640000000000001;2
20201004;Nordrhein-Westfalen;7.21;3
20201004;Hamburg;7.13;1
20201004;Mecklenburg-Vorpommern;8.24;11
20201004;Niedersachsen;7.47;1
20201004;Deutschland;7.5;3
20201004;Bremen;7.48;0
20201004;Thüringen;7.69;5
20201004;Saarland;7.34;3
20201004;Sachsen-Anhalt;7.640000000000001;7
20201004;Rheinland-Pfalz;7.86;2
20201004;Schleswig-Holstein;7.42;5
20201011;Baden-Württemberg;7.7700000000000005;4
20201011;Hessen;7.55;1
20201011;Berlin;7.11;-1
20201011;Brandenburg;7.3100000000000005;7
20201011;Sachsen;7.48;6
20201011;Bayern;7.72;3
20201011;Nordrhein-Westfalen;7.6000000000000005;8
20201011;Hamburg;6.97;-1
20201011;Mecklenburg-Vorpommern;7.890000000000001;6
20201011;Niedersachsen;7.53;2
20201011;Deutschland;7.61;4
20201011;Bremen;7.55;1
20201011;Thüringen;7.63;5
20201011;Saarland;7.66;7
20201011;Sachsen-Anhalt;7.59;6
20201011;Rheinland-Pfalz;8.17;6
20201011;Schleswig-Holstein;7.17;1
20201018;Baden-Württemberg;7.57;2
20201018;Hessen;7.19;-4
20201018;Berlin;6.34;-12
20201018;Brandenburg;6.79;-1
20201018;Sachsen;7.19;2
20201018;Bayern;7.57;1
20201018;Nordrhein-Westfalen;7.08;1
20201018;Hamburg;6.53;-7
20201018;Mecklenburg-Vorpommern;7.96;7
20201018;Niedersachsen;7.0600000000000005;-4
20201018;Deutschland;7.24;-1
20201018;Bremen;6.9;-7
20201018;Thüringen;7.43;2
20201018;Saarland;7.0600000000000005;-1
20201018;Sachsen-Anhalt;7.3500000000000005;3
20201018;Rheinland-Pfalz;7.62;-2
20201018;Schleswig-Holstein;7.0200000000000005;-1
20201025;Baden-Württemberg;7.59;2
20201025;Hessen;7.47;-1
20201025;Berlin;6.37;-11
20201025;Brandenburg;6.83;0
20201025;Sachsen;7.03;0
20201025;Bayern;7.55;1
20201025;Nordrhein-Westfalen;6.93;-1
20201025;Hamburg;6.63;-6
20201025;Mecklenburg-Vorpommern;7.87;6
20201025;Niedersachsen;6.91;-6
20201025;Deutschland;7.2;-1
20201025;Bremen;6.76;-9
20201025;Thüringen;7.28;0
20201025;Saarland;7.0;-2
20201025;Sachsen-Anhalt;7.12;0
20201025;Rheinland-Pfalz;7.54;-3
20201025;Schleswig-Holstein;7.140000000000001;1
20201101;Baden-Württemberg;7.0;-6
20201101;Hessen;7.23;-4
20201101;Berlin;6.37;-11
20201101;Brandenburg;6.59;-4
20201101;Sachsen;6.47;-8
20201101;Bayern;7.17;-4
20201101;Nordrhein-Westfalen;7.22;3
20201101;Hamburg;6.34;-10
20201101;Mecklenburg-Vorpommern;7.33;-1
20201101;Niedersachsen;6.87;-7
20201101;Deutschland;7.0200000000000005;-4
20201101;Bremen;6.76;-9
20201101;Thüringen;6.71;-8
20201101;Saarland;7.23;1
20201101;Sachsen-Anhalt;6.92;-3
20201101;Rheinland-Pfalz;7.59;-2
20201101;Schleswig-Holstein;6.74;-5
20201108;Baden-Württemberg;6.97;-7
20201108;Hessen;6.73;-10
20201108;Berlin;6.22;-14
20201108;Brandenburg;6.5;-5
20201108;Sachsen;6.72;-5
20201108;Bayern;6.640000000000001;-11
20201108;Nordrhein-Westfalen;6.7700000000000005;-3
20201108;Hamburg;6.2;-12
20201108;Mecklenburg-Vorpommern;7.01;-6
20201108;Niedersachsen;6.76;-9
20201108;Deutschland;6.75;-7
20201108;Bremen;6.69;-10
20201108;Thüringen;6.86;-6
20201108;Saarland;6.75;-6
20201108;Sachsen-Anhalt;6.93;-3
20201108;Rheinland-Pfalz;7.13;-8
20201108;Schleswig-Holstein;6.61;-7
20201115;Baden-Württemberg;7.01;-6
20201115;Hessen;6.8500000000000005;-9
20201115;Berlin;6.29;-13
20201115;Brandenburg;6.4;-6
20201115;Sachsen;6.74;-4
20201115;Bayern;6.95;-7
20201115;Nordrhein-Westfalen;6.8500000000000005;-2
20201115;Hamburg;6.34;-10
20201115;Mecklenburg-Vorpommern;6.91;-7
20201115;Niedersachsen;6.8;-8
20201115;Deutschland;6.8500000000000005;-6
20201115;Bremen;6.82;-8
20201115;Thüringen;6.91;-5
20201115;Saarland;6.94;-3
20201115;Sachsen-Anhalt;6.94;-3
20201115;Rheinland-Pfalz;7.17;-7
20201115;Schleswig-Holstein;6.67;-6
20201122;Baden-Württemberg;6.91;-7
20201122;Hessen;6.8;-9
20201122;Berlin;5.84;-19
20201122;Brandenburg;6.28;-8
20201122;Sachsen;6.0200000000000005;-15
20201122;Bayern;6.78;-9
20201122;Nordrhein-Westfalen;6.79;-3
20201122;Hamburg;5.87;-16
20201122;Mecklenburg-Vorpommern;6.78;-9
20201122;Niedersachsen;6.48;-12
20201122;Deutschland;6.66;-9
20201122;Bremen;6.37;-14
20201122;Thüringen;6.62;-9
20201122;Saarland;6.97;-2
20201122;Sachsen-Anhalt;6.65;-7
20201122;Rheinland-Pfalz;7.13;-8
20201122;Schleswig-Holstein;6.33;-11
20201129;Baden-Württemberg;6.94;-7
20201129;Hessen;6.78;-10
20201129;Berlin;5.84;-19
20201129;Brandenburg;6.22;-9
20201129;Sachsen;6.36;-10
20201129;Bayern;6.8;-9
20201129;Nordrhein-Westfalen;6.8500000000000005;-2
20201129;Hamburg;5.95;-15
20201129;Mecklenburg-Vorpommern;6.7;-10
20201129;Niedersachsen;6.59;-11
20201129;Deutschland;6.7;-8
20201129;Bremen;6.48;-13
20201129;Thüringen;6.5200000000000005;-11
20201129;Saarland;6.88;-4
20201129;Sachsen-Anhalt;6.61;-8
20201129;Rheinland-Pfalz;7.12;-8
20201129;Schleswig-Holstein;6.46;-9
20201206;Baden-Württemberg;6.92;-7
20201206;Hessen;6.97;-7
20201206;Berlin;6.5600000000000005;-9
20201206;Brandenburg;6.5600000000000005;-4
20201206;Sachsen;6.640000000000001;-6
20201206;Bayern;6.84;-9
20201206;Nordrhein-Westfalen;7.04;0
20201206;Hamburg;6.57;-7
20201206;Mecklenburg-Vorpommern;7.07;-5
20201206;Niedersachsen;6.86;-7
20201206;Deutschland;6.9;-5
20201206;Bremen;7.05;-5
20201206;Thüringen;6.73;-8
20201206;Saarland;7.1000000000000005;-1
20201206;Sachsen-Anhalt;6.91;-3
20201206;Rheinland-Pfalz;7.23;-7
20201206;Schleswig-Holstein;6.8;-4
20201213;Baden-Württemberg;6.8;-9
20201213;Hessen;6.75;-10
20201213;Berlin;6.4;-11
20201213;Brandenburg;6.43;-6
20201213;Sachsen;6.55;-7
20201213;Bayern;6.65;-11
20201213;Nordrhein-Westfalen;6.84;-2
20201213;Hamburg;6.46;-8
20201213;Mecklenburg-Vorpommern;6.95;-6
20201213;Niedersachsen;6.84;-7
20201213;Deutschland;6.75;-7
20201213;Bremen;7.04;-5
20201213;Thüringen;6.61;-9
20201213;Saarland;6.8500000000000005;-4
20201213;Sachsen-Anhalt;6.79;-5
20201213;Rheinland-Pfalz;7.07;-9
20201213;Schleswig-Holstein;6.71;-5
20201220;Baden-Württemberg;6.44;-14
20201220;Hessen;6.25;-17
20201220;Berlin;5.57;-23
20201220;Brandenburg;5.89;-14
20201220;Sachsen;5.61;-20
20201220;Bayern;6.3;-16
20201220;Nordrhein-Westfalen;6.17;-12
20201220;Hamburg;5.66;-20
20201220;Mecklenburg-Vorpommern;6.32;-15
20201220;Niedersachsen;6.16;-17
20201220;Deutschland;6.17;-15
20201220;Bremen;6.2;-17
20201220;Thüringen;6.08;-17
20201220;Saarland;6.3500000000000005;-11
20201220;Sachsen-Anhalt;6.19;-13
20201220;Rheinland-Pfalz;6.5600000000000005;-15
20201220;Schleswig-Holstein;5.87;-17
20201227;Baden-Württemberg;5.57;-25
20201227;Hessen;5.25;-30
20201227;Berlin;4.68;-35
20201227;Brandenburg;4.98;-27
20201227;Sachsen;4.96;-30
20201227;Bayern;5.45;-27
20201227;Nordrhein-Westfalen;5.24;-25
20201227;Hamburg;4.76;-32
20201227;Mecklenburg-Vorpommern;5.5600000000000005;-25
20201227;Niedersachsen;5.24;-29
20201227;Deutschland;5.2700000000000005;-28
20201227;Bremen;5.19;-30
20201227;Thüringen;5.19;-29
20201227;Saarland;5.21;-27
20201227;Sachsen-Anhalt;5.24;-27
20201227;Rheinland-Pfalz;5.48;-29
20201227;Schleswig-Holstein;5.08;-28
20210103;Baden-Württemberg;5.17;-31
20210103;Hessen;4.99;-33
20210103;Berlin;4.44;-38
20210103;Brandenburg;4.68;-32
20210103;Sachsen;4.5200000000000005;-36
20210103;Bayern;5.12;-32
20210103;Nordrhein-Westfalen;4.98;-29
20210103;Hamburg;4.47;-36
20210103;Mecklenburg-Vorpommern;5.19;-30
20210103;Niedersachsen;4.93;-33
20210103;Deutschland;4.96;-32
20210103;Bremen;4.83;-35
20210103;Thüringen;4.83;-34
20210103;Saarland;4.93;-31
20210103;Sachsen-Anhalt;4.8500000000000005;-32
20210103;Rheinland-Pfalz;5.2;-33
20210103;Schleswig-Holstein;4.78;-33
20210110;Baden-Württemberg;5.47;-27
20210110;Hessen;5.65;-25
20210110;Berlin;4.94;-31
20210110;Brandenburg;5.45;-20
20210110;Sachsen;5.4;-23
20210110;Bayern;5.41;-28
20210110;Nordrhein-Westfalen;5.63;-20
20210110;Hamburg;5.0600000000000005;-28
20210110;Mecklenburg-Vorpommern;5.82;-22
20210110;Niedersachsen;5.57;-25
20210110;Deutschland;5.5200000000000005;-24
20210110;Bremen;5.49;-26
20210110;Thüringen;5.63;-23
20210110;Saarland;5.8100000000000005;-19
20210110;Sachsen-Anhalt;5.26;-26
20210110;Rheinland-Pfalz;5.94;-23
20210110;Schleswig-Holstein;5.34;-25
20210117;Baden-Württemberg;6.07;-19
20210117;Hessen;5.89;-22
20210117;Berlin;5.04;-30
20210117;Brandenburg;5.64;-18
20210117;Sachsen;5.46;-22
20210117;Bayern;5.94;-21
20210117;Nordrhein-Westfalen;5.76;-18
20210117;Hamburg;5.14;-27
20210117;Mecklenburg-Vorpommern;5.95;-20
20210117;Niedersachsen;5.74;-22
20210117;Deutschland;5.79;-21
20210117;Bremen;5.66;-24
20210117;Thüringen;5.7700000000000005;-21
20210117;Saarland;5.83;-18
20210117;Sachsen-Anhalt;5.7700000000000005;-19
20210117;Rheinland-Pfalz;6.09;-21
20210117;Schleswig-Holstein;5.5200000000000005;-22
20210124;Baden-Württemberg;6.13;-18
20210124;Hessen;5.96;-21
20210124;Berlin;4.96;-31
20210124;Brandenburg;5.8500000000000005;-15
20210124;Sachsen;5.64;-20
20210124;Bayern;6.03;-19
20210124;Nordrhein-Westfalen;5.88;-16
20210124;Hamburg;5.05;-28
20210124;Mecklenburg-Vorpommern;6.0200000000000005;-19
20210124;Niedersachsen;5.8500000000000005;-21
20210124;Deutschland;5.87;-19
20210124;Bremen;5.21;-30
20210124;Thüringen;5.91;-19
20210124;Saarland;6.0;-16
20210124;Sachsen-Anhalt;5.95;-17
20210124;Rheinland-Pfalz;6.1000000000000005;-21
20210124;Schleswig-Holstein;5.63;-21
20210131;Baden-Württemberg;6.11;-18
20210131;Hessen;5.97;-20
20210131;Berlin;5.15;-28
20210131;Brandenburg;5.95;-13
20210131;Sachsen;5.67;-19
20210131;Bayern;6.03;-19
20210131;Nordrhein-Westfalen;5.91;-16
20210131;Hamburg;5.13;-27
20210131;Mecklenburg-Vorpommern;6.12;-17
20210131;Niedersachsen;5.94;-20
20210131;Deutschland;5.91;-19
20210131;Bremen;5.28;-29
20210131;Thüringen;5.93;-19
20210131;Saarland;5.94;-17
20210131;Sachsen-Anhalt;5.97;-16
20210131;Rheinland-Pfalz;6.11;-21
20210131;Schleswig-Holstein;5.82;-18
20210207;Baden-Württemberg;6.21;-17
20210207;Hessen;5.95;-21
20210207;Berlin;4.95;-31
20210207;Brandenburg;5.72;-16
20210207;Sachsen;5.69;-19
20210207;Bayern;6.15;-18
20210207;Nordrhein-Westfalen;5.8500000000000005;-17
20210207;Hamburg;5.0200000000000005;-29
20210207;Mecklenburg-Vorpommern;5.98;-19
20210207;Niedersachsen;5.75;-22
20210207;Deutschland;5.88;-19
20210207;Bremen;5.0;-33
20210207;Thüringen;5.94;-19
20210207;Saarland;6.03;-16
20210207;Sachsen-Anhalt;5.94;-17
20210207;Rheinland-Pfalz;6.140000000000001;-21
20210207;Schleswig-Holstein;5.61;-21
20210214;Baden-Württemberg;6.28;-16
20210214;Hessen;5.88;-22
20210214;Berlin;5.05;-30
20210214;Brandenburg;5.8500000000000005;-15
20210214;Sachsen;5.47;-22
20210214;Bayern;6.24;-17
20210214;Nordrhein-Westfalen;5.69;-19
20210214;Hamburg;5.12;-27
20210214;Mecklenburg-Vorpommern;6.03;-19
20210214;Niedersachsen;5.62;-24
20210214;Deutschland;5.84;-20
20210214;Bremen;5.12;-31
20210214;Thüringen;5.51;-24
20210214;Saarland;6.15;-14
20210214;Sachsen-Anhalt;5.45;-24
20210214;Rheinland-Pfalz;6.18;-20
20210214;Schleswig-Holstein;5.71;-20
20210221;Baden-Württemberg;6.47;-13
20210221;Hessen;6.2;-17
20210221;Berlin;5.3100000000000005;-26
20210221;Brandenburg;6.07;-11
20210221;Sachsen;5.96;-15
20210221;Bayern;6.36;-15
20210221;Nordrhein-Westfalen;6.0600000000000005;-14
20210221;Hamburg;5.3100000000000005;-24
20210221;Mecklenburg-Vorpommern;6.15;-17
20210221;Niedersachsen;6.09;-18
20210221;Deutschland;6.13;-16
20210221;Bremen;5.42;-27
20210221;Thüringen;6.18;-15
20210221;Saarland;6.17;-14
20210221;Sachsen-Anhalt;6.19;-13
20210221;Rheinland-Pfalz;6.36;-18
20210221;Schleswig-Holstein;5.86;-17
20210228;Baden-Württemberg;6.640000000000001;-11
20210228;Hessen;6.43;-14
20210228;Berlin;5.5200000000000005;-23
20210228;Brandenburg;6.2700000000000005;-8
20210228;Sachsen;6.18;-12
20210228;Bayern;6.58;-12
20210228;Nordrhein-Westfalen;6.34;-10
20210228;Hamburg;5.5;-22
20210228;Mecklenburg-Vorpommern;6.5;-12
20210228;Niedersachsen;6.23;-16
20210228;Deutschland;6.3500000000000005;-13
20210228;Bremen;5.5;-26
20210228;Thüringen;6.3500000000000005;-13
20210228;Saarland;6.390000000000001;-11
20210228;Sachsen-Anhalt;6.37;-11
20210228;Rheinland-Pfalz;6.57;-15
20210228;Schleswig-Holstein;6.05;-15
20210307;Baden-Württemberg;6.66;-11
20210307;Hessen;6.5;-13
20210307;Berlin;5.55;-23
20210307;Brandenburg;6.32;-8
20210307;Sachsen;6.18;-12
20210307;Bayern;6.65;-11
20210307;Nordrhein-Westfalen;6.36;-9
20210307;Hamburg;5.54;-21
20210307;Mecklenburg-Vorpommern;6.51;-12
20210307;Niedersachsen;6.2700000000000005;-15
20210307;Deutschland;6.390000000000001;-12
20210307;Bremen;5.54;-26
20210307;Thüringen;6.48;-11
20210307;Saarland;6.44;-10
20210307;Sachsen-Anhalt;6.54;-8
20210307;Rheinland-Pfalz;6.6000000000000005;-15
20210307;Schleswig-Holstein;6.07;-14
20210314;Baden-Württemberg;6.62;-11
20210314;Hessen;6.44;-14
20210314;Berlin;5.36;-26
20210314;Brandenburg;6.3100000000000005;-8
20210314;Sachsen;6.18;-12
20210314;Bayern;6.59;-12
20210314;Nordrhein-Westfalen;6.25;-11
20210314;Hamburg;5.38;-23
20210314;Mecklenburg-Vorpommern;6.66;-10
20210314;Niedersachsen;6.15;-17
20210314;Deutschland;6.33;-13
20210314;Bremen;5.51;-26
20210314;Thüringen;6.390000000000001;-12
20210314;Saarland;6.37;-11
20210314;Sachsen-Anhalt;6.63;-7
20210314;Rheinland-Pfalz;6.58;-15
20210314;Schleswig-Holstein;6.12;-14
20210321;Baden-Württemberg;6.63;-11
20210321;Hessen;6.51;-13
20210321;Berlin;5.65;-22
20210321;Brandenburg;6.38;-7
20210321;Sachsen;6.25;-11
20210321;Bayern;6.58;-12
20210321;Nordrhein-Westfalen;6.47;-8
20210321;Hamburg;5.58;-21
20210321;Mecklenburg-Vorpommern;6.66;-10
20210321;Niedersachsen;6.26;-15
20210321;Deutschland;6.43;-12
20210321;Bremen;5.6000000000000005;-25
20210321;Thüringen;6.47;-11
20210321;Saarland;6.67;-7
20210321;Sachsen-Anhalt;6.62;-7
20210321;Rheinland-Pfalz;6.75;-13
20210321;Schleswig-Holstein;6.23;-12
20210328;Baden-Württemberg;6.76;-9
20210328;Hessen;6.58;-12
20210328;Berlin;5.7700000000000005;-20
20210328;Brandenburg;6.37;-7
20210328;Sachsen;6.18;-12
20210328;Bayern;6.71;-10
20210328;Nordrhein-Westfalen;6.49;-8
20210328;Hamburg;5.5;-22
20210328;Mecklenburg-Vorpommern;6.65;-10
20210328;Niedersachsen;6.3;-15
20210328;Deutschland;6.48;-11
20210328;Bremen;5.62;-25
20210328;Thüringen;6.3100000000000005;-13
20210328;Saarland;6.74;-6
20210328;Sachsen-Anhalt;6.5;-9
20210328;Rheinland-Pfalz;6.83;-12
20210328;Schleswig-Holstein;6.15;-13
20210404;Baden-Württemberg;6.9;-7
20210404;Hessen;6.7;-11
20210404;Berlin;5.87;-18
20210404;Brandenburg;6.25;-9
20210404;Sachsen;6.28;-11
20210404;Bayern;6.76;-10
20210404;Nordrhein-Westfalen;6.45;-8
20210404;Hamburg;5.72;-19
20210404;Mecklenburg-Vorpommern;6.62;-11
20210404;Niedersachsen;6.28;-15
20210404;Deutschland;6.5200000000000005;-11
20210404;Bremen;5.6000000000000005;-25
20210404;Thüringen;6.46;-11
20210404;Saarland;6.66;-7
20210404;Sachsen-Anhalt;6.57;-8
20210404;Rheinland-Pfalz;6.79;-12
20210404;Schleswig-Holstein;6.32;-11
20210411;Baden-Württemberg;6.5;-13
20210411;Hessen;6.19;-18
20210411;Berlin;5.38;-25
20210411;Brandenburg;6.140000000000001;-10
20210411;Sachsen;5.97;-15
20210411;Bayern;6.51;-13
20210411;Nordrhein-Westfalen;5.97;-15
20210411;Hamburg;5.21;-26
20210411;Mecklenburg-Vorpommern;6.46;-13
20210411;Niedersachsen;5.95;-20
20210411;Deutschland;6.140000000000001;-16
20210411;Bremen;5.1000000000000005;-31
20210411;Thüringen;6.1000000000000005;-16
20210411;Saarland;6.3100000000000005;-12
20210411;Sachsen-Anhalt;6.34;-11
20210411;Rheinland-Pfalz;6.44;-17
20210411;Schleswig-Holstein;5.91;-17
20210418;Baden-Württemberg;6.7700000000000005;-9
20210418;Hessen;6.57;-12
20210418;Berlin;5.76;-20
20210418;Brandenburg;6.47;-5
20210418;Sachsen;6.38;-9
20210418;Bayern;6.7700000000000005;-9
20210418;Nordrhein-Westfalen;6.5600000000000005;-6
20210418;Hamburg;5.73;-18
20210418;Mecklenburg-Vorpommern;6.88;-7
20210418;Niedersachsen;6.54;-11
20210418;Deutschland;6.58;-10
20210418;Bremen;5.76;-23
20210418;Thüringen;6.61;-9
20210418;Saarland;6.8;-5
20210418;Sachsen-Anhalt;6.7700000000000005;-5
20210418;Rheinland-Pfalz;6.92;-11
20210418;Schleswig-Holstein;6.390000000000001;-10
20210425;Baden-Württemberg;7.0600000000000005;-5
20210425;Hessen;6.79;-9
20210425;Berlin;5.97;-17
20210425;Brandenburg;6.5200000000000005;-5
20210425;Sachsen;6.65;-6
20210425;Bayern;6.96;-7
20210425;Nordrhein-Westfalen;6.68;-5
20210425;Hamburg;5.89;-16
20210425;Mecklenburg-Vorpommern;6.71;-10
20210425;Niedersachsen;6.6000000000000005;-11
20210425;Deutschland;6.74;-7
20210425;Bremen;5.88;-21
20210425;Thüringen;6.82;-7
20210425;Saarland;6.84;-4
20210425;Sachsen-Anhalt;6.91;-3
20210425;Rheinland-Pfalz;7.0200000000000005;-9
20210425;Schleswig-Holstein;6.65;-6
20210502;Baden-Württemberg;6.79;-9
20210502;Hessen;6.69;-11
20210502;Berlin;5.99;-17
20210502;Brandenburg;6.54;-4
20210502;Sachsen;6.45;-8
20210502;Bayern;6.7700000000000005;-9
20210502;Nordrhein-Westfalen;6.66;-5
20210502;Hamburg;5.86;-17
20210502;Mecklenburg-Vorpommern;6.7;-10
20210502;Niedersachsen;6.5600000000000005;-11
20210502;Deutschland;6.640000000000001;-9
20210502;Bremen;5.62;-24
20210502;Thüringen;6.67;-9
20210502;Saarland;6.73;-6
20210502;Sachsen-Anhalt;6.74;-6
20210502;Rheinland-Pfalz;6.91;-11
20210502;Schleswig-Holstein;6.66;-6
20210509;Baden-Württemberg;7.04;-6
20210509;Hessen;6.8;-9
20210509;Berlin;6.16;-14
20210509;Brandenburg;6.71;-2
20210509;Sachsen;6.69;-5
20210509;Bayern;7.0600000000000005;-6
20210509;Nordrhein-Westfalen;6.69;-5
20210509;Hamburg;5.97;-15
20210509;Mecklenburg-Vorpommern;6.88;-7
20210509;Niedersachsen;6.72;-9
20210509;Deutschland;6.8;-7
20210509;Bremen;5.84;-22
20210509;Thüringen;6.88;-6
20210509;Saarland;6.7700000000000005;-5
20210509;Sachsen-Anhalt;6.96;-3
20210509;Rheinland-Pfalz;7.05;-9
20210509;Schleswig-Holstein;6.76;-5
20210516;Baden-Württemberg;6.68;-10
20210516;Hessen;6.49;-14
20210516;Berlin;5.9;-18
20210516;Brandenburg;6.42;-6
20210516;Sachsen;6.2700000000000005;-11
20210516;Bayern;6.71;-10
20210516;Nordrhein-Westfalen;6.45;-8
20210516;Hamburg;5.59;-20
20210516;Mecklenburg-Vorpommern;6.65;-10
20210516;Niedersachsen;6.45;-13
20210516;Deutschland;6.48;-11
20210516;Bremen;5.59;-25
20210516;Thüringen;6.47;-11
20210516;Saarland;6.38;-11
20210516;Sachsen-Anhalt;6.51;-9
20210516;Rheinland-Pfalz;6.71;-13
20210516;Schleswig-Holstein;6.46;-9
20210523;Baden-Württemberg;7.2700000000000005;-2
20210523;Hessen;7.0200000000000005;-7
20210523;Berlin;6.46;-10
20210523;Brandenburg;6.9;1
20210523;Sachsen;6.87;-2
20210523;Bayern;7.24;-3
20210523;Nordrhein-Westfalen;6.890000000000001;-2
20210523;Hamburg;6.22;-11
20210523;Mecklenburg-Vorpommern;7.23;-3
20210523;Niedersachsen;6.890000000000001;-7
20210523;Deutschland;7.0;-4
20210523;Bremen;6.13;-18
20210523;Thüringen;7.0;-4
20210523;Saarland;6.95;-3
20210523;Sachsen-Anhalt;7.0;-2
20210523;Rheinland-Pfalz;7.25;-6
20210523;Schleswig-Holstein;7.03;-1
20210530;Baden-Württemberg;7.05;-5
20210530;Hessen;6.88;-8
20210530;Berlin;6.3500000000000005;-12
20210530;Brandenburg;6.9;1
20210530;Sachsen;6.7;-5
20210530;Bayern;7.1000000000000005;-5
20210530;Nordrhein-Westfalen;6.72;-4
20210530;Hamburg;6.17;-12
20210530;Mecklenburg-Vorpommern;7.23;-3
20210530;Niedersachsen;6.7;-9
20210530;Deutschland;6.84;-6
20210530;Bremen;5.88;-21
20210530;Thüringen;6.87;-6
20210530;Saarland;6.58;-8
20210530;Sachsen-Anhalt;6.97;-2
20210530;Rheinland-Pfalz;6.98;-10
20210530;Schleswig-Holstein;6.95;-2
20210606;Baden-Württemberg;7.08;-5
20210606;Hessen;7.0;-7
20210606;Berlin;6.94;-4
20210606;Brandenburg;7.29;7
20210606;Sachsen;7.2;2
20210606;Bayern;7.21;-4
20210606;Nordrhein-Westfalen;6.98;0
20210606;Hamburg;6.75;-4
20210606;Mecklenburg-Vorpommern;7.79;5
20210606;Niedersachsen;7.28;-2
20210606;Deutschland;7.12;-2
20210606;Bremen;6.51;-13
20210606;Thüringen;7.24;-1
20210606;Saarland;6.86;-4
20210606;Sachsen-Anhalt;7.47;4
20210606;Rheinland-Pfalz;7.08;-8
20210606;Schleswig-Holstein;7.4;4
20210613;Baden-Württemberg;7.66;3
20210613;Hessen;7.54;0
20210613;Berlin;6.94;-4
20210613;Brandenburg;7.3500000000000005;7
20210613;Sachsen;7.25;3
20210613;Bayern;7.76;4
20210613;Nordrhein-Westfalen;7.51;7
20210613;Hamburg;6.75;-4
20210613;Mecklenburg-Vorpommern;7.86;6
20210613;Niedersachsen;7.41;0
20210613;Deutschland;7.5;3
20210613;Bremen;6.66;-11
20210613;Thüringen;7.41;2
20210613;Saarland;7.41;4
20210613;Sachsen-Anhalt;7.5;5
20210613;Rheinland-Pfalz;7.61;-2
20210613;Schleswig-Holstein;7.44;5
20210620;Baden-Württemberg;8.17;10
20210620;Hessen;8.0;7
20210620;Berlin;7.38;3
20210620;Brandenburg;7.91;16
20210620;Sachsen;7.890000000000001;12
20210620;Bayern;8.24;10
20210620;Nordrhein-Westfalen;7.92;13
20210620;Hamburg;7.16;2
20210620;Mecklenburg-Vorpommern;8.36;13
20210620;Niedersachsen;7.84;6
20210620;Deutschland;7.98;10
20210620;Bremen;7.07;-5
20210620;Thüringen;7.97;9
20210620;Saarland;7.94;11
20210620;Sachsen-Anhalt;8.13;14
20210620;Rheinland-Pfalz;8.18;6
20210620;Schleswig-Holstein;7.86;11
20210627;Baden-Württemberg;8.24;11
20210627;Hessen;7.890000000000001;5
20210627;Berlin;7.37;2
20210627;Brandenburg;7.59;11
20210627;Sachsen;7.54;7
20210627;Bayern;8.3;11
20210627;Nordrhein-Westfalen;7.87;12
20210627;Hamburg;7.13;2
20210627;Mecklenburg-Vorpommern;8.07;9
20210627;Niedersachsen;7.44;1
20210627;Deutschland;7.86;8
20210627;Bremen;6.8500000000000005;-8
20210627;Thüringen;7.66;5
20210627;Saarland;7.72;8
20210627;Sachsen-Anhalt;7.73;8
20210627;Rheinland-Pfalz;7.95;3
20210627;Schleswig-Holstein;7.4;4
20210704;Baden-Württemberg;8.13;9
20210704;Hessen;7.7700000000000005;4
20210704;Berlin;7.03;-2
20210704;Brandenburg;7.4;8
20210704;Sachsen;7.55;7
20210704;Bayern;8.120000000000001;9
20210704;Nordrhein-Westfalen;7.640000000000001;9
20210704;Hamburg;6.890000000000001;-2
20210704;Mecklenburg-Vorpommern;7.9;6
20210704;Niedersachsen;7.46;1
20210704;Deutschland;7.72;6
20210704;Bremen;6.79;-9
20210704;Thüringen;7.61;4
20210704;Saarland;7.61;6
20210704;Sachsen-Anhalt;7.640000000000001;7
20210704;Rheinland-Pfalz;7.92;2
20210704;Schleswig-Holstein;7.43;5
20210711;Baden-Württemberg;7.82;5
20210711;Hessen;7.65;2
20210711;Berlin;6.93;-4
20210711;Brandenburg;7.22;5
20210711;Sachsen;7.46;6
20210711;Bayern;7.8100000000000005;4
20210711;Nordrhein-Westfalen;7.390000000000001;5
20210711;Hamburg;6.78;-3
20210711;Mecklenburg-Vorpommern;7.78;5
20210711;Niedersachsen;7.47;1
20210711;Deutschland;7.54;3
20210711;Bremen;6.82;-9
20210711;Thüringen;7.51;3
20210711;Saarland;7.53;5
20210711;Sachsen-Anhalt;7.55;6
20210711;Rheinland-Pfalz;7.83;1
20210711;Schleswig-Holstein;7.3500000000000005;4
20210718;Baden-Württemberg;7.92;6
20210718;Hessen;7.84;4
20210718;Berlin;7.12;-1
20210718;Brandenburg;7.36;8
20210718;Sachsen;7.63;8
20210718;Bayern;7.83;5
20210718;Nordrhein-Westfalen;7.45;6
20210718;Hamburg;7.05;0
20210718;Mecklenburg-Vorpommern;7.99;8
20210718;Niedersachsen;7.67;4
20210718;Deutschland;7.66;5
20210718;Bremen;7.03;-6
20210718;Thüringen;7.7;6
20210718;Saarland;7.61;6
20210718;Sachsen-Anhalt;7.8100000000000005;9
20210718;Rheinland-Pfalz;7.92;2
20210718;Schleswig-Holstein;7.5;6
20210725;Baden-Württemberg;7.8500000000000005;5
20210725;Hessen;7.58;1
20210725;Berlin;7.01;-3
20210725;Brandenburg;7.15;4
20210725;Sachsen;7.45;6
20210725;Bayern;7.9;6
20210725;Nordrhein-Westfalen;7.32;4
20210725;Hamburg;6.8;-3
20210725;Mecklenburg-Vorpommern;7.83;6
20210725;Niedersachsen;7.3500000000000005;-1
20210725;Deutschland;7.51;3
20210725;Bremen;6.68;-10
20210725;Thüringen;7.5200000000000005;3
20210725;Saarland;7.3100000000000005;2
20210725;Sachsen-Anhalt;7.44;4
20210725;Rheinland-Pfalz;7.67;-1
20210725;Schleswig-Holstein;7.25;2
20210801;Baden-Württemberg;7.87;6
20210801;Hessen;7.640000000000001;2
20210801;Berlin;7.07;-2
20210801;Brandenburg;7.25;6
20210801;Sachsen;7.32;4
20210801;Bayern;7.91;6
20210801;Nordrhein-Westfalen;7.34;5
20210801;Hamburg;6.7700000000000005;-4
20210801;Mecklenburg-Vorpommern;7.86;6
20210801;Niedersachsen;7.2;-3
20210801;Deutschland;7.5;3
20210801;Bremen;6.46;-13
20210801;Thüringen;7.41;2
20210801;Saarland;7.46;4
20210801;Sachsen-Anhalt;7.390000000000001;3
20210801;Rheinland-Pfalz;7.74;0
20210801;Schleswig-Holstein;7.25;2
20210808;Baden-Württemberg;7.54;1
20210808;Hessen;7.32;-2
20210808;Berlin;6.93;-4
20210808;Brandenburg;7.17;5
20210808;Sachsen;7.08;1
20210808;Bayern;7.61;2
20210808;Nordrhein-Westfalen;7.19;3
20210808;Hamburg;6.7700000000000005;-4
20210808;Mecklenburg-Vorpommern;8.07;9
20210808;Niedersachsen;7.12;-4
20210808;Deutschland;7.3100000000000005;0
20210808;Bremen;6.41;-14
20210808;Thüringen;7.25;-1
20210808;Saarland;7.11;0
20210808;Sachsen-Anhalt;7.25;1
20210808;Rheinland-Pfalz;7.44;-4
20210808;Schleswig-Holstein;7.43;5
20210815;Baden-Württemberg;7.63;2
20210815;Hessen;7.49;0
20210815;Berlin;7.34;2
20210815;Brandenburg;7.42;9
20210815;Sachsen;7.25;3
20210815;Bayern;7.75;4
20210815;Nordrhein-Westfalen;7.37;5
20210815;Hamburg;7.07;1
20210815;Mecklenburg-Vorpommern;8.040000000000001;8
20210815;Niedersachsen;7.25;-2
20210815;Deutschland;7.47;3
20210815;Bremen;6.69;-10
20210815;Thüringen;7.41;2
20210815;Saarland;7.24;1
20210815;Sachsen-Anhalt;7.34;3
20210815;Rheinland-Pfalz;7.57;-2
20210815;Schleswig-Holstein;7.59;7
20210822;Baden-Württemberg;7.26;-3
20210822;Hessen;7.09;-6
20210822;Berlin;7.05;-2
20210822;Brandenburg;7.19;5
20210822;Sachsen;6.95;-1
20210822;Bayern;7.37;-1
20210822;Nordrhein-Westfalen;7.15;2
20210822;Hamburg;6.8;-3
20210822;Mecklenburg-Vorpommern;7.82;5
20210822;Niedersachsen;6.96;-6
20210822;Deutschland;7.16;-2
20210822;Bremen;6.45;-13
20210822;Thüringen;7.0600000000000005;-3
20210822;Saarland;6.8500000000000005;-4
20210822;Sachsen-Anhalt;7.04;-2
20210822;Rheinland-Pfalz;7.19;-7
20210822;Schleswig-Holstein;7.3500000000000005;4
20210829;Baden-Württemberg;7.29;-2
20210829;Hessen;7.17;-5
20210829;Berlin;6.97;-3
20210829;Brandenburg;7.1000000000000005;4
20210829;Sachsen;6.8;-3
20210829;Bayern;7.36;-2
20210829;Nordrhein-Westfalen;7.37;5
20210829;Hamburg;6.8500000000000005;-2
20210829;Mecklenburg-Vorpommern;7.72;4
20210829;Niedersachsen;7.0200000000000005;-5
20210829;Deutschland;7.21;-1
20210829;Bremen;6.4;-14
20210829;Thüringen;6.9;-5
20210829;Saarland;7.05;-1
20210829;Sachsen-Anhalt;6.97;-2
20210829;Rheinland-Pfalz;7.29;-6
20210829;Schleswig-Holstein;7.34;3
20210905;Baden-Württemberg;7.61;2
20210905;Hessen;7.67;2
20210905;Berlin;7.12;-1
20210905;Brandenburg;7.28;6
20210905;Sachsen;7.07;0
20210905;Bayern;7.61;2
20210905;Nordrhein-Westfalen;7.62;9
20210905;Hamburg;7.0600000000000005;0
20210905;Mecklenburg-Vorpommern;7.890000000000001;6
20210905;Niedersachsen;7.29;-1
20210905;Deutschland;7.5;3
20210905;Bremen;6.59;-12
20210905;Thüringen;7.15;-2
20210905;Saarland;7.53;5
20210905;Sachsen-Anhalt;7.3100000000000005;2
20210905;Rheinland-Pfalz;7.8;1
20210905;Schleswig-Holstein;7.54;6
20210912;Baden-Württemberg;7.640000000000001;3
20210912;Hessen;7.67;2
20210912;Berlin;7.17;0
20210912;Brandenburg;7.24;6
20210912;Sachsen;7.25;3
20210912;Bayern;7.69;3
20210912;Nordrhein-Westfalen;7.58;8
20210912;Hamburg;6.96;-1
20210912;Mecklenburg-Vorpommern;7.8;5
20210912;Niedersachsen;7.43;1
20210912;Deutschland;7.53;3
20210912;Bremen;6.69;-10
20210912;Thüringen;7.2700000000000005;0
20210912;Saarland;7.45;4
20210912;Sachsen-Anhalt;7.42;4
20210912;Rheinland-Pfalz;7.7700000000000005;0
20210912;Schleswig-Holstein;7.390000000000001;4
20210919;Baden-Württemberg;7.82;5
20210919;Hessen;7.6000000000000005;1
20210919;Berlin;7.07;-2
20210919;Brandenburg;7.12;4
20210919;Sachsen;7.0600000000000005;0
20210919;Bayern;7.8;4
20210919;Nordrhein-Westfalen;7.55;8
20210919;Hamburg;6.890000000000001;-2
20210919;Mecklenburg-Vorpommern;7.65;3
20210919;Niedersachsen;7.33;-1
20210919;Deutschland;7.51;3
20210919;Bremen;6.61;-11
20210919;Thüringen;7.17;-2
20210919;Saarland;7.43;4
20210919;Sachsen-Anhalt;7.21;1
20210919;Rheinland-Pfalz;7.73;0
20210919;Schleswig-Holstein;7.26;2
20210926;Baden-Württemberg;8.2;10
20210926;Hessen;7.68;2
20210926;Berlin;6.87;-5
20210926;Brandenburg;7.53;10
20210926;Sachsen;7.3100000000000005;4
20210926;Bayern;8.18;9
20210926;Nordrhein-Westfalen;7.78;11
20210926;Hamburg;6.8500000000000005;-3
20210926;Mecklenburg-Vorpommern;8.03;8
20210926;Niedersachsen;7.62;3
20210926;Deutschland;7.75;6
20210926;Bremen;6.47;-13
20210926;Thüringen;7.42;2
20210926;Saarland;7.33;3
20210926;Sachsen-Anhalt;7.59;6
20210926;Rheinland-Pfalz;7.91;2
20210926;Schleswig-Holstein;7.43;5
20211003;Baden-Württemberg;8.22;10
20211003;Hessen;7.63;2
20211003;Berlin;6.890000000000001;-4
20211003;Brandenburg;7.47;9
20211003;Sachsen;7.3;4
20211003;Bayern;8.18;9
20211003;Nordrhein-Westfalen;7.66;9
20211003;Hamburg;6.83;-3
20211003;Mecklenburg-Vorpommern;7.99;8
20211003;Niedersachsen;7.58;3
20211003;Deutschland;7.72;6
20211003;Bremen;6.37;-14
20211003;Thüringen;7.68;5
20211003;Saarland;7.24;1
20211003;Sachsen-Anhalt;7.58;6
20211003;Rheinland-Pfalz;7.86;2
20211003;Schleswig-Holstein;7.4;4
20211017;Baden-Württemberg;8.3;11
20211017;Hessen;7.65;2
20211017;Berlin;6.8500000000000005;-5
20211017;Brandenburg;7.45;9
20211017;Sachsen;7.36;5
20211017;Bayern;8.22;10
20211017;Nordrhein-Westfalen;7.78;11
20211017;Hamburg;6.69;-5
20211017;Mecklenburg-Vorpommern;7.9;6
20211017;Niedersachsen;7.75;5
20211017;Deutschland;7.78;7
20211017;Bremen;6.640000000000001;-11
20211017;Thüringen;7.67;5
20211017;Saarland;7.5200000000000005;5
20211017;Sachsen-Anhalt;7.65;7
20211017;Rheinland-Pfalz;7.92;2
20211017;Schleswig-Holstein;7.2700000000000005;2
20211024;Baden-Württemberg;8.15;9
20211024;Hessen;7.24;-4
20211024;Berlin;6.45;-10
20211024;Brandenburg;7.07;3
20211024;Sachsen;6.92;-2
20211024;Bayern;8.08;8
20211024;Nordrhein-Westfalen;7.32;4
20211024;Hamburg;6.69;-5
20211024;Mecklenburg-Vorpommern;7.83;5
20211024;Niedersachsen;7.25;-2
20211024;Deutschland;7.47;3
20211024;Bremen;6.28;-16
20211024;Thüringen;7.5;3
20211024;Saarland;7.04;-1
20211024;Sachsen-Anhalt;7.47;4
20211024;Rheinland-Pfalz;7.5200000000000005;-3
20211024;Schleswig-Holstein;7.29;3
20211031;Baden-Württemberg;8.23;10
20211031;Hessen;7.5600000000000005;1
20211031;Berlin;6.87;-5
20211031;Brandenburg;7.38;8
20211031;Sachsen;6.9;-2
20211031;Bayern;8.16;9
20211031;Nordrhein-Westfalen;7.78;11
20211031;Hamburg;6.78;-4
20211031;Mecklenburg-Vorpommern;7.88;6
20211031;Niedersachsen;7.2700000000000005;-2
20211031;Deutschland;7.65;5
20211031;Bremen;6.23;-16
20211031;Thüringen;7.2700000000000005;0
20211031;Saarland;7.03;-2
20211031;Sachsen-Anhalt;7.2;1
20211031;Rheinland-Pfalz;7.84;1
20211031;Schleswig-Holstein;7.34;4
20211107;Baden-Württemberg;7.2700000000000005;-2
20211107;Hessen;7.3100000000000005;-3
20211107;Berlin;6.5;-10
20211107;Brandenburg;7.01;2
20211107;Sachsen;6.78;-4
20211107;Bayern;7.21;-4
20211107;Nordrhein-Westfalen;7.19;3
20211107;Hamburg;6.48;-8
20211107;Mecklenburg-Vorpommern;7.28;-2
20211107;Niedersachsen;7.29;-1
20211107;Deutschland;7.12;-2
20211107;Bremen;6.2700000000000005;-16
20211107;Thüringen;6.83;-6
20211107;Saarland;6.72;-6
20211107;Sachsen-Anhalt;7.09;-1
20211107;Rheinland-Pfalz;7.23;-7
20211107;Schleswig-Holstein;7.04;-1
20211114;Baden-Württemberg;7.76;4
20211114;Hessen;7.21;-4
20211114;Berlin;6.46;-10
20211114;Brandenburg;6.94;1
20211114;Sachsen;6.67;-5
20211114;Bayern;7.59;2
20211114;Nordrhein-Westfalen;7.43;6
20211114;Hamburg;6.4;-9
20211114;Mecklenburg-Vorpommern;7.33;-1
20211114;Niedersachsen;7.17;-3
20211114;Deutschland;7.28;0
20211114;Bremen;6.17;-17
20211114;Thüringen;7.0600000000000005;-3
20211114;Saarland;7.05;-1
20211114;Sachsen-Anhalt;7.07;-1
20211114;Rheinland-Pfalz;7.42;-4
20211114;Schleswig-Holstein;6.93;-2
20211121;Baden-Württemberg;7.7;3
20211121;Hessen;7.19;-4
20211121;Berlin;6.3500000000000005;-12
20211121;Brandenburg;6.92;1
20211121;Sachsen;6.16;-12
20211121;Bayern;7.48;0
20211121;Nordrhein-Westfalen;7.37;5
20211121;Hamburg;6.37;-9
20211121;Mecklenburg-Vorpommern;7.32;-1
20211121;Niedersachsen;7.15;-3
20211121;Deutschland;7.2;-1
20211121;Bremen;6.140000000000001;-18
20211121;Thüringen;6.96;-5
20211121;Saarland;6.890000000000001;-4
20211121;Sachsen-Anhalt;7.03;-2
20211121;Rheinland-Pfalz;7.3500000000000005;-5
20211121;Schleswig-Holstein;6.94;-2
20211128;Baden-Württemberg;7.63;2
20211128;Hessen;7.1000000000000005;-5
20211128;Berlin;6.33;-12
20211128;Brandenburg;6.8500000000000005;0
20211128;Sachsen;6.25;-11
20211128;Bayern;7.42;-1
20211128;Nordrhein-Westfalen;7.29;4
20211128;Hamburg;6.33;-10
20211128;Mecklenburg-Vorpommern;7.25;-2
20211128;Niedersachsen;7.1000000000000005;-4
20211128;Deutschland;7.140000000000001;-2
20211128;Bremen;6.15;-17
20211128;Thüringen;6.7700000000000005;-7
20211128;Saarland;6.83;-4
20211128;Sachsen-Anhalt;6.82;-5
20211128;Rheinland-Pfalz;7.29;-6
20211128;Schleswig-Holstein;6.890000000000001;-3
20211205;Baden-Württemberg;7.51;1
20211205;Hessen;7.04;-6
20211205;Berlin;6.2;-14
20211205;Brandenburg;6.75;-1
20211205;Sachsen;6.2700000000000005;-11
20211205;Bayern;7.33;-2
20211205;Nordrhein-Westfalen;7.22;3
20211205;Hamburg;6.3100000000000005;-10
20211205;Mecklenburg-Vorpommern;7.07;-5
20211205;Niedersachsen;7.0;-5
20211205;Deutschland;7.0600000000000005;-3
20211205;Bremen;6.05;-19
20211205;Thüringen;6.79;-7
20211205;Saarland;6.69;-6
20211205;Sachsen-Anhalt;6.8500000000000005;-4
20211205;Rheinland-Pfalz;7.19;-7
20211205;Schleswig-Holstein;6.83;-4
20211212;Baden-Württemberg;7.51;1
20211212;Hessen;7.0200000000000005;-7
20211212;Berlin;6.04;-16
20211212;Brandenburg;6.62;-3
20211212;Sachsen;6.32;-10
20211212;Bayern;7.4;-1
20211212;Nordrhein-Westfalen;7.2;3
20211212;Hamburg;6.07;-14
20211212;Mecklenburg-Vorpommern;6.87;-7
20211212;Niedersachsen;6.95;-6
20211212;Deutschland;7.03;-4
20211212;Bremen;5.92;-20
20211212;Thüringen;6.76;-7
20211212;Saarland;6.63;-7
20211212;Sachsen-Anhalt;6.83;-4
20211212;Rheinland-Pfalz;7.18;-7
20211212;Schleswig-Holstein;6.640000000000001;-6
20211219;Baden-Württemberg;7.51;1
20211219;Hessen;7.01;-7
20211219;Berlin;6.140000000000001;-15
20211219;Brandenburg;6.62;-3
20211219;Sachsen;6.2;-12
20211219;Bayern;7.4;-1
20211219;Nordrhein-Westfalen;7.140000000000001;2
20211219;Hamburg;6.18;-12
20211219;Mecklenburg-Vorpommern;6.94;-7
20211219;Niedersachsen;6.9;-7
20211219;Deutschland;7.01;-4
20211219;Bremen;5.84;-22
20211219;Thüringen;6.69;-8
20211219;Saarland;6.66;-7
20211219;Sachsen-Anhalt;6.74;-6
20211219;Rheinland-Pfalz;7.17;-7
20211219;Schleswig-Holstein;6.7;-6
20211226;Baden-Württemberg;7.12;-4
20211226;Hessen;6.53;-13
20211226;Berlin;5.78;-20
20211226;Brandenburg;6.19;-9
20211226;Sachsen;5.97;-15
20211226;Bayern;7.140000000000001;-4
20211226;Nordrhein-Westfalen;6.83;-3
20211226;Hamburg;5.8100000000000005;-17
20211226;Mecklenburg-Vorpommern;6.58;-11
20211226;Niedersachsen;6.47;-12
20211226;Deutschland;6.66;-9
20211226;Bremen;5.48;-26
20211226;Thüringen;6.3;-14
20211226;Saarland;6.2700000000000005;-12
20211226;Sachsen-Anhalt;6.3;-12
20211226;Rheinland-Pfalz;6.68;-14
20211226;Schleswig-Holstein;6.41;-10
20220102;Baden-Württemberg;6.5;-13
20220102;Hessen;5.92;-21
20220102;Berlin;5.14;-29
20220102;Brandenburg;5.67;-17
20220102;Sachsen;5.2700000000000005;-25
20220102;Bayern;6.51;-13
20220102;Nordrhein-Westfalen;6.07;-13
20220102;Hamburg;5.09;-28
20220102;Mecklenburg-Vorpommern;6.12;-18
20220102;Niedersachsen;5.82;-21
20220102;Deutschland;5.99;-18
20220102;Bremen;4.8100000000000005;-35
20220102;Thüringen;5.68;-22
20220102;Saarland;5.63;-21
20220102;Sachsen-Anhalt;5.69;-20
20220102;Rheinland-Pfalz;6.05;-22
20220102;Schleswig-Holstein;5.66;-20
20220109;Baden-Württemberg;6.43;-14
20220109;Hessen;6.24;-17
20220109;Berlin;5.71;-21
20220109;Brandenburg;6.43;-6
20220109;Sachsen;6.13;-13
20220109;Bayern;6.47;-13
20220109;Nordrhein-Westfalen;6.48;-8
20220109;Hamburg;5.49;-22
20220109;Mecklenburg-Vorpommern;6.75;-9
20220109;Niedersachsen;6.22;-16
20220109;Deutschland;6.33;-13
20220109;Bremen;5.04;-32
20220109;Thüringen;6.42;-12
20220109;Saarland;6.41;-10
20220109;Sachsen-Anhalt;5.89;-18
20220109;Rheinland-Pfalz;6.76;-13
20220109;Schleswig-Holstein;5.96;-16
20220116;Baden-Württemberg;7.41;-1
20220116;Hessen;6.76;-10
20220116;Berlin;5.75;-20
20220116;Brandenburg;6.5600000000000005;-4
20220116;Sachsen;6.32;-10
20220116;Bayern;7.3100000000000005;-2
20220116;Nordrhein-Westfalen;7.0200000000000005;0
20220116;Hamburg;5.74;-18
20220116;Mecklenburg-Vorpommern;6.84;-8
20220116;Niedersachsen;6.7700000000000005;-8
20220116;Deutschland;6.890000000000001;-6
20220116;Bremen;5.48;-26
20220116;Thüringen;6.73;-8
20220116;Saarland;6.66;-7
20220116;Sachsen-Anhalt;6.75;-6
20220116;Rheinland-Pfalz;7.0200000000000005;-9
20220116;Schleswig-Holstein;6.37;-10
20220123;Baden-Württemberg;7.2700000000000005;-2
20220123;Hessen;6.75;-10
20220123;Berlin;5.71;-21
20220123;Brandenburg;6.54;-4
20220123;Sachsen;6.390000000000001;-9
20220123;Bayern;7.3;-2
20220123;Nordrhein-Westfalen;6.95;-1
20220123;Hamburg;5.78;-18
20220123;Mecklenburg-Vorpommern;6.9;-7
20220123;Niedersachsen;6.82;-8
20220123;Deutschland;6.86;-6
20220123;Bremen;5.5200000000000005;-26
20220123;Thüringen;6.84;-6
20220123;Saarland;6.65;-7
20220123;Sachsen-Anhalt;6.8100000000000005;-5
20220123;Rheinland-Pfalz;6.98;-10
20220123;Schleswig-Holstein;6.47;-9
20220130;Baden-Württemberg;7.3100000000000005;-2
20220130;Hessen;6.66;-11
20220130;Berlin;5.64;-22
20220130;Brandenburg;6.42;-6
20220130;Sachsen;6.2700000000000005;-11
20220130;Bayern;7.26;-3
20220130;Nordrhein-Westfalen;6.86;-2
20220130;Hamburg;5.66;-19
20220130;Mecklenburg-Vorpommern;6.8;-8
20220130;Niedersachsen;6.68;-10
20220130;Deutschland;6.79;-7
20220130;Bremen;5.53;-26
20220130;Thüringen;6.68;-8
20220130;Saarland;6.48;-9
20220130;Sachsen-Anhalt;6.68;-7
20220130;Rheinland-Pfalz;6.9;-11
20220130;Schleswig-Holstein;6.42;-10
20220206;Baden-Württemberg;7.26;-3
20220206;Hessen;6.76;-10
20220206;Berlin;5.54;-23
20220206;Brandenburg;6.28;-8
20220206;Sachsen;6.43;-9
20220206;Bayern;7.3100000000000005;-2
20220206;Nordrhein-Westfalen;6.91;-2
20220206;Hamburg;5.89;-16
20220206;Mecklenburg-Vorpommern;6.98;-6
20220206;Niedersachsen;6.74;-9
20220206;Deutschland;6.84;-6
20220206;Bremen;5.61;-25
20220206;Thüringen;6.8500000000000005;-6
20220206;Saarland;6.49;-9
20220206;Sachsen-Anhalt;6.75;-6
20220206;Rheinland-Pfalz;6.98;-10
20220206;Schleswig-Holstein;6.54;-8
20220213;Baden-Württemberg;7.46;0
20220213;Hessen;6.95;-7
20220213;Berlin;6.04;-16
20220213;Brandenburg;6.66;-3
20220213;Sachsen;6.61;-6
20220213;Bayern;7.51;0
20220213;Nordrhein-Westfalen;7.12;2
20220213;Hamburg;6.09;-13
20220213;Mecklenburg-Vorpommern;6.890000000000001;-7
20220213;Niedersachsen;6.99;-5
20220213;Deutschland;7.05;-3
20220213;Bremen;5.89;-21
20220213;Thüringen;7.04;-3
20220213;Saarland;6.68;-7
20220213;Sachsen-Anhalt;6.92;-3
20220213;Rheinland-Pfalz;7.15;-8
20220213;Schleswig-Holstein;6.75;-5
20220220;Baden-Württemberg;7.45;0
20220220;Hessen;6.83;-9
20220220;Berlin;5.98;-17
20220220;Brandenburg;6.5600000000000005;-4
20220220;Sachsen;6.3;-11
20220220;Bayern;7.47;0
20220220;Nordrhein-Westfalen;6.890000000000001;-2
20220220;Hamburg;6.0;-15
20220220;Mecklenburg-Vorpommern;6.87;-7
20220220;Niedersachsen;6.78;-8
20220220;Deutschland;6.91;-5
20220220;Bremen;5.69;-24
20220220;Thüringen;6.61;-9
20220220;Saarland;6.55;-8
20220220;Sachsen-Anhalt;6.5200000000000005;-9
20220220;Rheinland-Pfalz;7.08;-8
20220220;Schleswig-Holstein;6.54;-8
20220227;Baden-Württemberg;7.59;2
20220227;Hessen;7.11;-5
20220227;Berlin;6.2;-14
20220227;Brandenburg;6.8;-1
20220227;Sachsen;6.3500000000000005;-10
20220227;Bayern;7.59;2
20220227;Nordrhein-Westfalen;7.24;3
20220227;Hamburg;6.3500000000000005;-10
20220227;Mecklenburg-Vorpommern;7.2700000000000005;-2
20220227;Niedersachsen;7.08;-4
20220227;Deutschland;7.13;-2
20220227;Bremen;6.0;-19
20220227;Thüringen;7.0;-4
20220227;Saarland;6.4;-10
20220227;Sachsen-Anhalt;6.93;-3
20220227;Rheinland-Pfalz;6.97;-10
20220227;Schleswig-Holstein;6.83;-4
20220306;Baden-Württemberg;7.4;-1
20220306;Hessen;7.08;-6
20220306;Berlin;6.38;-11
20220306;Brandenburg;6.91;1
20220306;Sachsen;6.67;-5
20220306;Bayern;7.43;-1
20220306;Nordrhein-Westfalen;7.23;3
20220306;Hamburg;6.5;-8
20220306;Mecklenburg-Vorpommern;7.2700000000000005;-2
20220306;Niedersachsen;7.15;-3
20220306;Deutschland;7.13;-2
20220306;Bremen;6.11;-18
20220306;Thüringen;6.98;-4
20220306;Saarland;6.61;-8
20220306;Sachsen-Anhalt;6.95;-3
20220306;Rheinland-Pfalz;7.12;-8
20220306;Schleswig-Holstein;6.890000000000001;-3
20220313;Baden-Württemberg;7.57;2
20220313;Hessen;7.18;-4
20220313;Berlin;6.08;-16
20220313;Brandenburg;6.8;-1
20220313;Sachsen;6.68;-5
20220313;Bayern;7.640000000000001;2
20220313;Nordrhein-Westfalen;7.33;5
20220313;Hamburg;6.32;-10
20220313;Mecklenburg-Vorpommern;7.2700000000000005;-2
20220313;Niedersachsen;7.03;-5
20220313;Deutschland;7.19;-1
20220313;Bremen;6.0600000000000005;-19
20220313;Thüringen;6.94;-5
20220313;Saarland;6.72;-6
20220313;Sachsen-Anhalt;6.94;-3
20220313;Rheinland-Pfalz;7.26;-6
20220313;Schleswig-Holstein;6.84;-4
20220320;Baden-Württemberg;7.53;1
20220320;Hessen;7.12;-5
20220320;Berlin;6.42;-11
20220320;Brandenburg;6.88;1
20220320;Sachsen;6.5600000000000005;-7
20220320;Bayern;7.5600000000000005;1
20220320;Nordrhein-Westfalen;7.29;4
20220320;Hamburg;6.19;-12
20220320;Mecklenburg-Vorpommern;7.17;-3
20220320;Niedersachsen;7.0200000000000005;-5
20220320;Deutschland;7.15;-2
20220320;Bremen;6.0;-19
20220320;Thüringen;6.890000000000001;-6
20220320;Saarland;6.67;-7
20220320;Sachsen-Anhalt;6.86;-4
20220320;Rheinland-Pfalz;7.19;-7
20220320;Schleswig-Holstein;6.78;-4
20220327;Baden-Württemberg;7.55;1
20220327;Hessen;7.17;-4
20220327;Berlin;6.45;-10
20220327;Brandenburg;6.9;1
20220327;Sachsen;6.67;-5
20220327;Bayern;7.5;0
20220327;Nordrhein-Westfalen;7.3100000000000005;4
20220327;Hamburg;6.42;-9
20220327;Mecklenburg-Vorpommern;7.26;-2
20220327;Niedersachsen;7.0600000000000005;-5
20220327;Deutschland;7.18;-1
20220327;Bremen;5.99;-20
20220327;Thüringen;6.97;-4
20220327;Saarland;6.72;-6
20220327;Sachsen-Anhalt;6.96;-3
20220327;Rheinland-Pfalz;7.26;-6
20220327;Schleswig-Holstein;6.84;-4
20220403;Baden-Württemberg;7.67;3
20220403;Hessen;7.28;-3
20220403;Berlin;6.57;-9
20220403;Brandenburg;7.08;4
20220403;Sachsen;6.8;-3
20220403;Bayern;7.7;3
20220403;Nordrhein-Westfalen;7.46;6
20220403;Hamburg;6.51;-7
20220403;Mecklenburg-Vorpommern;7.390000000000001;0
20220403;Niedersachsen;7.24;-2
20220403;Deutschland;7.33;1
20220403;Bremen;6.05;-19
20220403;Thüringen;7.1000000000000005;-3
20220403;Saarland;6.8500000000000005;-4
20220403;Sachsen-Anhalt;7.17;0
20220403;Rheinland-Pfalz;7.38;-5
20220403;Schleswig-Holstein;7.01;-1
20220410;Baden-Württemberg;7.74;4
20220410;Hessen;7.5;0
20220410;Berlin;6.82;-5
20220410;Brandenburg;7.29;7
20220410;Sachsen;7.0600000000000005;0
20220410;Bayern;7.82;5
20220410;Nordrhein-Westfalen;7.69;10
20220410;Hamburg;6.7;-5
20220410;Mecklenburg-Vorpommern;7.58;2
20220410;Niedersachsen;7.12;-4
20220410;Deutschland;7.47;3
20220410;Bremen;6.04;-19
20220410;Thüringen;7.3500000000000005;1
20220410;Saarland;6.99;-2
20220410;Sachsen-Anhalt;7.4;3
20220410;Rheinland-Pfalz;7.59;-2
20220410;Schleswig-Holstein;6.92;-2
20220417;Baden-Württemberg;7.5;1
20220417;Hessen;6.92;-8
20220417;Berlin;6.41;-11
20220417;Brandenburg;6.63;-3
20220417;Sachsen;6.75;-4
20220417;Bayern;7.43;-1
20220417;Nordrhein-Westfalen;7.11;1
20220417;Hamburg;6.48;-8
20220417;Mecklenburg-Vorpommern;7.3;-2
20220417;Niedersachsen;6.75;-9
20220417;Deutschland;7.04;-3
20220417;Bremen;5.78;-22
20220417;Thüringen;6.8500000000000005;-6
20220417;Saarland;6.51;-9
20220417;Sachsen-Anhalt;6.76;-5
20220417;Rheinland-Pfalz;7.05;-9
20220417;Schleswig-Holstein;6.68;-6
20220424;Baden-Württemberg;7.390000000000001;-1
20220424;Hessen;6.9;-8
20220424;Berlin;6.34;-12
20220424;Brandenburg;6.8100000000000005;0
20220424;Sachsen;6.62;-6
20220424;Bayern;7.48;0
20220424;Nordrhein-Westfalen;7.16;2
20220424;Hamburg;6.46;-8
20220424;Mecklenburg-Vorpommern;7.5;1
20220424;Niedersachsen;7.0600000000000005;-4
20220424;Deutschland;7.08;-3
20220424;Bremen;5.93;-20
20220424;Thüringen;6.84;-6
20220424;Saarland;6.42;-10
20220424;Sachsen-Anhalt;7.05;-1
20220424;Rheinland-Pfalz;7.0600000000000005;-9
20220424;Schleswig-Holstein;6.890000000000001;-3
20220501;Baden-Württemberg;8.02;8
20220501;Hessen;7.57;1
20220501;Berlin;7.09;-2
20220501;Brandenburg;7.4;8
20220501;Sachsen;7.33;4
20220501;Bayern;8.1;8
20220501;Nordrhein-Westfalen;7.88;12
20220501;Hamburg;6.94;-1
20220501;Mecklenburg-Vorpommern;7.8100000000000005;5
20220501;Niedersachsen;7.5600000000000005;2
20220501;Deutschland;7.71;6
20220501;Bremen;6.43;-14
20220501;Thüringen;7.5600000000000005;4
20220501;Saarland;7.140000000000001;0
20220501;Sachsen-Anhalt;7.59;6
20220501;Rheinland-Pfalz;7.67;-1
20220501;Schleswig-Holstein;7.29;3
20220508;Baden-Württemberg;8.21;10
20220508;Hessen;7.890000000000001;5
20220508;Berlin;7.3;1
20220508;Brandenburg;7.51;10
20220508;Sachsen;7.6000000000000005;8
20220508;Bayern;8.21;10
20220508;Nordrhein-Westfalen;8.14;16
20220508;Hamburg;7.11;1
20220508;Mecklenburg-Vorpommern;7.95;7
20220508;Niedersachsen;7.78;5
20220508;Deutschland;7.930000000000001;9
20220508;Bremen;6.66;-11
20220508;Thüringen;7.98;9
20220508;Saarland;7.33;3
20220508;Sachsen-Anhalt;7.75;8
20220508;Rheinland-Pfalz;7.91;2
20220508;Schleswig-Holstein;7.46;5
20220515;Baden-Württemberg;8.34;12
20220515;Hessen;7.98;6
20220515;Berlin;7.36;2
20220515;Brandenburg;7.68;12
20220515;Sachsen;7.59;8
20220515;Bayern;8.45;13
20220515;Nordrhein-Westfalen;8.24;18
20220515;Hamburg;7.11;1
20220515;Mecklenburg-Vorpommern;7.99;8
20220515;Niedersachsen;7.79;5
20220515;Deutschland;8.03;10
20220515;Bremen;6.65;-11
20220515;Thüringen;7.8100000000000005;7
20220515;Saarland;7.38;3
20220515;Sachsen-Anhalt;7.99;12
20220515;Rheinland-Pfalz;7.98;3
20220515;Schleswig-Holstein;7.5200000000000005;6
20220522;Baden-Württemberg;8.28;11
20220522;Hessen;7.95;6
20220522;Berlin;7.3;1
20220522;Brandenburg;7.5;10
20220522;Sachsen;7.5;7
20220522;Bayern;8.370000000000001;12
20220522;Nordrhein-Westfalen;8.120000000000001;16
20220522;Hamburg;7.17;2
20220522;Mecklenburg-Vorpommern;7.98;7
20220522;Niedersachsen;7.75;5
20220522;Deutschland;7.95;9
20220522;Bremen;6.59;-12
20220522;Thüringen;7.66;5
20220522;Saarland;7.3100000000000005;2
20220522;Sachsen-Anhalt;7.72;8
20220522;Rheinland-Pfalz;7.94;3
20220522;Schleswig-Holstein;7.51;6
20220529;Baden-Württemberg;7.92;6
20220529;Hessen;7.57;1
20220529;Berlin;6.8500000000000005;-5
20220529;Brandenburg;7.16;5
20220529;Sachsen;7.08;1
20220529;Bayern;8.0;7
20220529;Nordrhein-Westfalen;7.7;10
20220529;Hamburg;6.46;-8
20220529;Mecklenburg-Vorpommern;7.71;4
20220529;Niedersachsen;7.29;-1
20220529;Deutschland;7.54;3
20220529;Bremen;6.16;-17
20220529;Thüringen;7.3100000000000005;0
20220529;Saarland;6.99;-2
20220529;Sachsen-Anhalt;7.12;0
20220529;Rheinland-Pfalz;7.59;-2
20220529;Schleswig-Holstein;7.0;-1
20220605;Baden-Württemberg;8.33;12
20220605;Hessen;8.02;7
20220605;Berlin;7.54;5
20220605;Brandenburg;7.65;12
20220605;Sachsen;7.62;8
20220605;Bayern;8.44;13
20220605;Nordrhein-Westfalen;8.26;18
20220605;Hamburg;7.3100000000000005;4
20220605;Mecklenburg-Vorpommern;8.18;10
20220605;Niedersachsen;7.86;6
20220605;Deutschland;8.05;11
20220605;Bremen;6.8500000000000005;-8
20220605;Thüringen;7.7700000000000005;7
20220605;Saarland;7.390000000000001;3
20220605;Sachsen-Anhalt;7.83;10
20220605;Rheinland-Pfalz;7.98;3
20220605;Schleswig-Holstein;7.640000000000001;8
20220612;Baden-Württemberg;7.930000000000001;6
20220612;Hessen;7.67;2
20220612;Berlin;7.01;-3
20220612;Brandenburg;7.45;9
20220612;Sachsen;7.32;4
20220612;Bayern;8.0;7
20220612;Nordrhein-Westfalen;7.86;12
20220612;Hamburg;6.84;-3
20220612;Mecklenburg-Vorpommern;7.94;7
20220612;Niedersachsen;7.43;1
20220612;Deutschland;7.67;5
20220612;Bremen;6.41;-14
20220612;Thüringen;7.6000000000000005;4
20220612;Saarland;6.91;-3
20220612;Sachsen-Anhalt;7.5;5
20220612;Rheinland-Pfalz;7.72;0
20220612;Schleswig-Holstein;7.34;3
20220619;Baden-Württemberg;7.98;7
20220619;Hessen;7.68;2
20220619;Berlin;7.41;3
20220619;Brandenburg;7.73;13
20220619;Sachsen;7.76;10
20220619;Bayern;8.03;7
20220619;Nordrhein-Westfalen;7.930000000000001;13
20220619;Hamburg;7.15;2
20220619;Mecklenburg-Vorpommern;8.19;10
20220619;Niedersachsen;7.84;6
20220619;Deutschland;7.83;8
20220619;Bremen;6.78;-9
20220619;Thüringen;7.99;10
20220619;Saarland;7.09;-1
20220619;Sachsen-Anhalt;7.8100000000000005;9
20220619;Rheinland-Pfalz;7.72;0
20220619;Schleswig-Holstein;7.63;8
20220626;Baden-Württemberg;8.43;13
20220626;Hessen;7.92;6
20220626;Berlin;7.29;1
20220626;Brandenburg;7.62;11
20220626;Sachsen;7.59;8
20220626;Bayern;8.45;13
20220626;Nordrhein-Westfalen;8.1;16
20220626;Hamburg;7.11;1
20220626;Mecklenburg-Vorpommern;8.11;9
20220626;Niedersachsen;7.72;4
20220626;Deutschland;7.99;10
20220626;Bremen;6.78;-9
20220626;Thüringen;7.8500000000000005;8
20220626;Saarland;7.2700000000000005;2
20220626;Sachsen-Anhalt;7.72;8
20220626;Rheinland-Pfalz;7.95;3
20220626;Schleswig-Holstein;7.67;8
20220703;Baden-Württemberg;8.53;14
20220703;Hessen;8.120000000000001;8
20220703;Berlin;7.2700000000000005;1
20220703;Brandenburg;7.62;11
20220703;Sachsen;7.53;7
20220703;Bayern;8.56;14
20220703;Nordrhein-Westfalen;8.07;15
20220703;Hamburg;7.16;2
20220703;Mecklenburg-Vorpommern;8.11;9
20220703;Niedersachsen;7.71;4
20220703;Deutschland;8.03;10
20220703;Bremen;6.68;-10
20220703;Thüringen;7.82;7
20220703;Saarland;7.5200000000000005;5
20220703;Sachsen-Anhalt;7.73;8
20220703;Rheinland-Pfalz;8.16;5
20220703;Schleswig-Holstein;7.6000000000000005;7
20220710;Baden-Württemberg;8.540000000000001;15
20220710;Hessen;7.95;6
20220710;Berlin;7.140000000000001;-1
20220710;Brandenburg;7.53;10
20220710;Sachsen;7.43;6
20220710;Bayern;8.540000000000001;14
20220710;Nordrhein-Westfalen;7.97;14
20220710;Hamburg;7.0200000000000005;0
20220710;Mecklenburg-Vorpommern;7.97;7
20220710;Niedersachsen;7.67;4
20220710;Deutschland;7.96;9
20220710;Bremen;6.66;-11
20220710;Thüringen;7.78;7
20220710;Saarland;7.47;4
20220710;Sachsen-Anhalt;7.6000000000000005;6
20220710;Rheinland-Pfalz;8.09;5
20220710;Schleswig-Holstein;7.37;4
20220717;Baden-Württemberg;8.57;15
20220717;Hessen;7.8500000000000005;5
20220717;Berlin;7.05;-2
20220717;Brandenburg;7.4;8
20220717;Sachsen;7.5200000000000005;7
20220717;Bayern;8.57;15
20220717;Nordrhein-Westfalen;7.930000000000001;13
20220717;Hamburg;6.96;-1
20220717;Mecklenburg-Vorpommern;7.92;7
20220717;Niedersachsen;7.640000000000001;3
20220717;Deutschland;7.94;9
20220717;Bremen;6.69;-10
20220717;Thüringen;7.82;7
20220717;Saarland;7.3100000000000005;2
20220717;Sachsen-Anhalt;7.58;6
20220717;Rheinland-Pfalz;7.97;3
20220717;Schleswig-Holstein;7.4;4
20220724;Baden-Württemberg;8.48;14
20220724;Hessen;7.8;4
20220724;Berlin;7.03;-2
20220724;Brandenburg;7.36;8
20220724;Sachsen;7.34;4
20220724;Bayern;8.48;13
20220724;Nordrhein-Westfalen;7.7700000000000005;11
20220724;Hamburg;6.96;-1
20220724;Mecklenburg-Vorpommern;8.02;8
20220724;Niedersachsen;7.44;1
20220724;Deutschland;7.83;7
20220724;Bremen;6.54;-12
20220724;Thüringen;7.54;3
20220724;Saarland;7.16;0
20220724;Sachsen-Anhalt;7.38;3
20220724;Rheinland-Pfalz;7.91;2
20220724;Schleswig-Holstein;7.42;5
